status,duration,credit_history,purpose,amount,savings,employment_duration,installment_rate,gender,marital_status,other_debtors,present_residence,property,age,other_installment_plans,housing,number_credits,job,people_liable,telephone,foreign_worker,credit_risk
0,6,1,3,1169,4,1,4,1,3,2,4,2,67,1,1,2,1,1,1,1,1
2,48,3,3,5951,0,2,2,0,1,2,2,2,22,1,1,1,1,1,0,1,0
3,12,1,9,2096,0,3,2,1,3,2,3,2,49,1,1,1,3,2,0,1,1
0,42,3,7,7882,0,3,2,1,3,1,4,0,45,1,0,1,1,2,0,1,1
0,24,2,1,4870,0,2,3,1,3,2,4,3,53,1,0,2,1,2,0,1,0
3,36,3,9,9055,4,2,2,1,3,2,4,3,35,1,0,1,3,2,1,1,1
3,24,3,7,2835,3,1,3,1,3,2,4,0,53,1,1,1,1,1,0,1,1
2,36,3,2,6948,0,2,2,1,3,2,2,1,35,1,2,1,0,1,1,1,1
3,12,3,3,3059,1,3,2,1,0,2,4,2,61,1,1,1,3,1,0,1,1
2,30,1,1,5234,0,4,4,1,2,2,2,1,28,1,1,2,0,1,0,1,0
2,12,3,1,1295,0,0,3,0,1,2,1,1,25,1,2,1,1,1,0,1,0
0,48,3,6,4308,0,0,3,0,1,2,4,0,24,1,2,1,1,1,0,1,0
2,12,3,3,1567,0,2,1,0,1,2,1,1,22,1,1,1,1,1,1,1,1
0,24,1,1,1199,0,1,4,1,3,2,4,1,60,1,1,2,3,1,0,1,0
0,15,3,1,1403,0,2,2,0,1,2,4,1,28,1,2,1,1,1,0,1,1
0,24,3,3,1282,2,2,4,0,1,2,2,1,32,1,1,1,3,1,0,1,0
3,24,1,3,2424,4,1,4,1,3,2,4,0,53,1,1,2,1,1,0,1,1
0,30,4,6,8072,4,0,2,1,3,2,3,1,25,0,1,3,1,1,0,1,1
2,24,3,2,12579,0,1,4,0,1,2,2,3,44,1,0,1,0,1,1,1,0
3,24,3,3,3430,3,1,3,1,3,2,2,1,31,1,1,1,1,2,1,1,1
3,9,1,1,2134,0,2,4,1,3,2,4,1,48,1,1,3,1,1,1,1,1
0,6,3,3,2647,3,2,2,1,3,2,3,2,44,1,2,1,1,2,0,1,1
0,10,1,1,2241,0,0,1,1,3,2,3,2,48,1,2,2,3,2,0,0,1
2,12,1,2,1804,2,0,3,1,3,2,4,0,44,1,1,1,1,1,0,1,1
3,10,1,7,2069,4,2,2,1,2,2,1,1,26,1,1,2,1,1,0,0,1
0,6,3,7,1374,0,2,1,1,3,2,2,2,36,0,1,1,3,1,1,1,1
3,6,4,3,426,0,1,4,1,2,2,4,1,39,1,1,1,3,1,0,1,1
1,12,0,3,409,1,2,3,0,1,2,3,2,42,1,2,2,1,1,0,1,1
2,7,3,3,2415,0,2,3,1,3,1,2,2,34,1,1,1,1,1,0,1,1
0,60,2,6,6836,0,1,3,1,3,2,4,3,63,1,1,2,1,1,1,1,0
2,18,3,6,1913,1,0,3,1,2,2,3,2,36,0,1,1,1,1,1,1,1
0,24,3,7,4020,0,2,2,1,3,2,2,1,27,2,1,1,1,1,0,1,1
2,18,3,1,5866,2,2,2,1,3,2,2,1,30,1,1,2,1,1,1,1,1
3,12,1,6,1264,4,1,4,1,3,2,4,3,57,1,2,1,3,1,0,1,1
1,12,3,7,1474,0,0,4,0,1,2,1,0,33,0,1,1,0,1,1,1,1
2,45,1,3,4746,0,0,4,1,3,2,2,0,25,1,1,2,3,1,0,1,0
3,48,1,9,6110,0,2,1,1,3,2,3,3,31,0,0,1,1,1,1,1,1
1,18,3,3,2100,0,2,4,1,3,0,2,2,37,2,1,1,1,1,0,1,0
1,10,3,8,1225,0,2,2,1,3,2,2,1,37,1,1,1,1,1,1,1,1
2,9,3,3,458,0,2,4,1,3,2,3,2,24,1,1,1,1,1,0,1,1
3,30,3,3,2333,3,1,4,1,3,2,2,1,30,0,1,1,0,1,0,1,1
2,12,3,3,1158,3,2,3,1,0,2,1,1,26,1,1,1,1,1,1,1,1
2,18,2,4,6204,0,2,2,1,3,2,4,2,44,1,1,1,3,2,1,1,1
0,30,1,2,6187,2,3,1,1,2,2,4,1,24,1,2,2,1,1,0,1,1
0,48,1,2,6143,0,1,4,0,1,2,4,3,58,2,0,2,3,1,0,1,0
3,11,1,1,1393,0,0,4,0,1,2,4,1,35,1,1,2,0,1,0,1,1
3,36,3,3,2299,3,1,4,1,3,2,4,1,39,1,1,1,1,1,0,1,1
0,6,3,2,1352,3,4,1,0,1,2,2,0,23,1,2,1,2,1,1,1,1
3,11,1,1,7228,0,2,1,1,3,2,4,0,39,1,1,2,3,1,0,1,1
3,12,3,3,2073,2,2,4,0,1,0,2,2,28,1,1,1,1,1,0,1,1
2,24,2,7,2333,4,0,4,1,3,2,2,0,29,0,1,1,3,1,0,1,1
2,27,2,2,5965,0,1,1,1,3,2,2,1,30,1,1,2,0,1,1,1,1
3,12,3,3,1262,0,2,3,1,3,2,2,1,25,1,1,1,1,1,0,1,1
3,18,3,2,3378,4,2,2,1,3,2,1,0,31,1,1,1,1,1,1,1,1
2,36,2,1,2225,0,1,4,1,3,2,4,3,57,0,0,2,1,1,1,1,0
3,6,0,1,783,4,2,1,1,3,1,2,2,26,2,1,1,3,2,0,1,1
2,12,3,3,6468,4,4,2,1,3,2,1,3,52,1,1,1,0,1,1,1,0
3,36,1,3,9566,0,2,2,0,1,2,2,1,31,2,1,2,1,1,0,1,1
1,18,3,1,1961,0,1,3,0,1,2,2,1,23,1,1,1,0,1,0,1,1
0,36,1,7,6229,0,0,4,0,1,0,4,3,23,1,2,2,3,1,1,1,0
2,9,3,6,1391,0,2,2,1,2,2,1,2,27,0,1,1,1,1,1,1,1
2,15,1,3,1537,4,1,4,1,3,1,4,2,50,1,1,2,1,1,1,1,1
2,36,4,6,1953,0,1,4,1,3,2,4,3,61,1,0,1,0,1,1,1,0
2,48,4,6,14421,0,2,2,1,3,2,2,1,25,1,1,1,1,1,1,1,0
3,24,3,3,3181,0,0,4,0,1,2,4,0,26,1,1,1,1,1,1,1,1
3,27,3,4,5190,4,1,4,1,3,2,4,0,48,1,1,4,1,2,1,1,1
3,12,3,3,2171,0,0,2,0,1,2,2,1,29,0,1,1,1,1,0,1,1
2,12,3,1,1007,1,2,4,1,2,2,1,2,22,1,1,1,1,1,0,1,1
3,36,3,9,1819,0,2,4,1,3,2,4,3,37,2,0,1,1,1,1,1,0
3,36,3,3,2394,4,2,4,0,1,2,4,1,25,1,1,1,1,1,0,1,1
3,36,3,2,8133,0,2,1,0,1,2,2,0,30,0,1,1,1,1,0,1,1
3,7,1,3,730,4,1,4,1,3,2,2,0,46,1,2,2,3,1,1,1,1
0,8,1,5,1164,0,1,3,1,3,2,4,3,51,0,0,2,0,2,1,1,1
2,42,1,6,5954,0,3,2,0,1,2,1,2,41,0,1,2,3,1,0,1,1
0,36,3,9,1977,4,1,4,1,3,2,4,3,40,1,1,1,0,1,1,1,0
0,12,1,2,1526,0,1,4,1,3,2,4,3,66,1,0,2,0,1,0,1,1
0,42,3,3,3965,0,0,4,1,3,2,3,1,34,1,1,1,1,1,0,1,0
2,11,2,3,4771,0,3,2,1,3,2,4,0,51,1,1,1,1,1,0,1,1
3,54,4,2,9436,4,2,2,1,3,2,2,0,39,1,1,1,3,2,0,1,1
2,30,3,7,3832,0,0,2,1,2,2,1,0,22,1,1,1,1,1,0,1,1
3,24,3,3,5943,4,0,1,0,1,2,1,1,44,1,1,2,1,1,1,1,0
3,15,3,3,1213,3,1,4,1,3,2,3,0,47,2,1,1,1,1,1,1,1
3,18,3,6,1568,2,2,3,0,1,2,4,0,24,1,2,1,3,1,0,1,1
0,24,3,5,1755,0,1,4,0,1,1,4,2,58,1,1,1,3,1,1,1,1
0,10,3,3,2315,0,1,3,1,3,2,4,2,52,1,1,1,3,1,0,1,1
3,12,1,6,1412,0,2,4,0,1,1,2,2,29,1,1,2,0,1,1,1,1
2,18,1,7,1295,0,0,4,0,1,2,1,0,27,1,1,2,1,1,0,1,1
2,36,3,9,12612,2,2,1,1,3,2,4,3,47,1,0,1,1,2,1,1,0
0,18,3,1,2249,2,3,4,1,3,2,3,1,30,1,1,1,0,2,1,1,1
0,12,4,4,1108,0,3,4,1,3,2,3,2,28,1,1,2,1,1,0,1,0
3,12,1,3,618,0,1,4,1,3,2,4,2,56,1,1,1,1,1,0,1,1
0,12,1,2,1409,0,1,4,1,3,2,3,2,54,1,1,1,1,1,0,1,1
3,12,1,3,797,4,1,4,0,1,2,3,0,33,0,1,1,3,2,0,1,0
1,24,1,7,3617,4,1,4,1,3,0,4,3,20,1,2,2,1,1,0,1,1
2,12,3,1,1318,1,1,4,1,3,2,4,2,54,1,1,1,1,1,1,1,1
2,54,4,6,15945,0,0,3,1,3,2,4,3,58,1,2,1,1,1,1,1,0
3,12,1,9,2012,4,3,4,0,1,2,2,1,61,1,1,1,1,1,0,1,1
2,18,3,6,2622,2,2,4,1,3,2,4,1,34,1,1,1,1,1,0,1,1
2,36,1,3,2337,0,1,4,1,3,2,4,2,36,1,1,1,1,1,0,1,1
2,20,2,2,7057,4,3,3,1,3,2,4,0,36,0,2,2,0,2,1,1,1
3,24,3,1,1469,2,1,4,1,2,2,4,2,41,1,2,1,3,1,0,1,1
2,36,3,3,2323,0,3,4,1,3,2,4,1,24,1,2,1,1,1,0,1,1
3,6,2,3,932,0,2,3,0,1,2,2,2,24,1,1,1,1,1,0,1,1
2,9,1,7,1919,0,3,4,1,3,2,3,1,35,1,2,1,1,1,1,1,1
3,12,3,2,2445,4,0,2,1,2,2,4,1,26,1,2,1,1,1,1,1,1
2,24,1,5,11938,0,2,2,1,3,0,3,1,39,1,1,2,0,2,1,1,0
3,18,0,1,6458,0,1,2,1,3,2,4,3,39,0,1,2,0,2,1,1,0
2,12,3,1,6078,0,3,2,1,3,2,2,1,32,1,1,1,1,1,0,1,1
0,24,3,7,7721,4,0,1,0,1,2,2,0,30,1,1,1,1,1,1,0,1
2,14,3,6,1410,3,1,1,1,2,2,2,2,35,1,1,1,1,1,1,1,1
2,6,2,6,1449,2,1,1,1,0,2,2,1,31,0,1,2,1,2,0,1,1
1,15,3,9,392,0,0,4,0,1,2,4,0,23,1,2,1,1,1,1,1,1
2,18,3,1,6260,0,3,3,1,3,2,3,2,28,1,2,1,3,1,0,1,1
3,36,1,1,7855,0,2,4,0,1,2,2,2,25,2,1,2,1,1,1,1,0
0,12,3,3,1680,3,1,3,1,2,2,1,2,35,1,1,1,1,1,0,1,1
3,48,1,3,3578,4,1,4,1,3,2,1,2,47,1,1,1,1,1,1,1,1
0,42,3,3,7174,4,3,4,0,1,2,3,1,30,1,1,1,0,1,1,1,0
0,10,1,7,2132,4,0,2,0,1,0,3,2,27,1,2,2,1,1,0,0,1
0,33,1,7,4281,3,2,1,0,1,2,4,1,23,1,1,2,1,1,0,1,0
2,12,1,1,2366,3,3,3,1,0,2,3,1,36,1,1,1,0,1,1,1,1
0,21,3,3,1835,0,2,3,0,1,2,2,2,25,1,1,2,1,1,1,1,0
3,24,1,2,3868,0,1,4,0,1,2,2,1,41,1,2,2,0,1,1,1,1
3,12,3,7,1768,0,2,3,1,3,2,2,2,24,1,2,1,3,1,0,1,1
1,10,1,1,781,0,1,4,1,3,2,4,3,63,1,0,2,1,1,1,1,1
2,18,3,7,1924,4,0,4,0,1,2,3,2,27,1,2,1,1,1,0,1,0
0,12,1,1,2121,0,2,4,1,3,2,2,0,30,1,1,2,1,1,0,1,1
0,12,3,3,701,0,2,4,1,2,2,2,2,40,1,1,1,3,1,0,1,1
2,12,3,4,639,0,2,4,1,3,2,2,1,30,1,1,1,1,1,0,1,0
2,12,1,2,1860,0,4,4,1,3,2,2,1,34,1,1,2,0,1,1,1,1
0,12,1,1,3499,0,2,3,0,1,0,2,2,29,1,1,2,1,1,0,1,0
2,48,3,1,8487,4,3,1,0,1,2,2,1,24,1,1,1,1,1,0,1,1
0,36,2,9,6887,0,2,4,1,3,2,3,0,29,2,1,1,1,1,1,1,0
3,15,3,7,2708,0,0,2,1,3,2,3,0,27,0,1,2,3,1,0,1,1
3,18,3,7,1984,0,2,4,1,3,2,4,3,47,0,0,2,1,1,0,1,1
3,60,3,3,10144,2,3,2,0,1,2,4,2,21,1,1,1,1,1,1,1,1
3,12,1,3,1240,4,1,4,0,1,2,2,2,38,1,1,2,1,1,1,1,1
3,27,2,2,8613,1,2,2,1,3,2,2,1,27,1,1,2,1,1,0,1,1
2,12,3,3,766,3,2,4,1,3,2,3,2,66,1,1,1,3,1,0,1,0
2,15,1,3,2728,4,3,4,1,3,1,2,2,35,0,1,3,1,1,1,1,1
1,12,3,3,1881,0,2,2,0,1,2,2,1,44,1,2,1,3,1,1,1,1
1,6,3,1,709,1,0,2,1,2,2,2,2,27,1,1,1,2,1,0,0,1
2,36,3,3,4795,0,0,4,0,1,2,1,3,30,1,1,1,0,1,1,1,1
0,27,3,3,3416,0,2,3,1,3,2,2,1,27,1,1,1,0,1,0,1,1
0,18,3,7,2462,0,2,2,1,3,2,2,1,22,1,1,1,1,1,0,1,0
3,21,1,7,2288,0,0,4,0,1,2,4,0,23,1,1,1,1,1,1,1,1
2,48,0,6,3566,2,3,4,1,3,2,2,1,30,1,1,1,1,1,0,1,1
0,6,1,1,860,0,1,1,0,1,2,4,3,39,1,1,2,1,1,1,1,1
3,12,1,1,682,2,3,4,0,1,2,3,1,51,1,1,2,1,1,1,1,1
0,36,1,7,5371,0,2,3,1,3,1,2,0,28,1,1,2,1,1,0,1,1
3,18,1,3,1582,1,1,4,1,3,2,4,1,46,1,1,2,1,1,0,1,1
3,6,3,3,1346,2,1,2,1,3,2,4,3,42,0,0,1,1,2,1,1,1
3,10,3,3,1924,0,2,1,1,3,2,4,0,38,1,1,1,1,1,1,0,1
1,36,3,3,5848,0,2,4,1,3,2,1,1,24,1,1,1,1,1,0,1,1
2,24,1,2,7758,1,1,2,0,1,2,4,3,29,1,2,1,1,1,0,1,1
2,24,2,6,6967,2,3,4,1,3,2,4,1,36,1,2,1,0,1,1,1,1
0,12,3,7,1282,0,2,2,0,1,2,4,1,20,1,2,1,1,1,0,1,0
0,9,1,4,1288,2,1,3,1,3,1,4,2,48,1,1,2,1,2,0,0,1
0,12,0,0,339,0,1,4,1,2,2,1,1,45,0,1,1,3,1,0,1,1
2,24,3,1,3512,2,3,2,1,3,2,3,1,38,0,1,2,1,1,1,1,1
3,6,1,3,1898,4,2,1,1,3,2,2,2,34,1,1,2,3,2,0,1,1
3,24,1,3,2872,2,1,3,1,3,2,4,2,36,1,1,1,1,2,1,1,1
3,18,1,1,1055,0,0,4,0,1,2,1,0,30,1,1,2,1,1,0,1,1
3,15,3,8,1262,3,3,4,1,3,2,3,0,36,1,1,2,1,1,1,1,1
2,10,3,1,7308,0,4,2,1,3,2,4,3,70,0,0,1,0,1,1,1,1
3,36,3,1,909,3,1,4,1,3,2,4,0,36,1,1,1,1,1,0,1,1
3,6,3,7,2978,3,2,1,1,3,2,2,1,32,1,1,1,1,1,1,1,1
0,18,3,7,1131,0,4,4,0,1,2,2,1,33,1,1,1,1,1,0,1,0
2,11,3,7,1577,1,0,4,0,1,2,1,2,20,1,1,1,1,1,0,1,1
3,24,3,7,3972,0,3,2,0,1,2,4,0,25,1,2,1,1,1,1,1,1
2,24,1,6,1935,0,1,4,1,0,2,4,2,31,1,1,2,1,1,1,1,0
0,15,4,1,950,0,1,4,1,3,2,3,1,33,1,2,2,1,2,0,1,0
3,12,3,7,763,0,2,4,0,1,2,1,2,26,1,1,1,1,1,1,1,1
2,24,2,7,2064,0,4,3,0,1,2,2,0,34,1,1,1,0,1,1,1,0
2,8,3,3,1414,0,2,4,1,3,1,2,2,33,1,1,1,1,1,0,0,1
0,21,2,9,3414,0,0,2,1,3,2,1,0,26,1,1,2,1,1,0,1,0
3,30,0,2,7485,4,4,4,0,1,2,1,2,53,0,1,1,0,1,1,1,0
0,12,3,7,2577,0,2,2,1,0,2,1,1,42,1,1,1,1,1,0,1,1
0,6,1,3,338,3,1,4,1,3,2,4,1,52,1,1,2,1,1,0,1,1
3,12,3,3,1963,0,3,4,1,3,2,2,1,31,1,2,2,0,2,1,1,1
0,21,1,1,571,0,1,4,1,3,2,4,2,65,1,1,2,1,1,0,1,1
3,36,2,6,9572,0,0,1,1,0,2,1,1,28,1,1,2,1,1,0,1,0
2,36,2,6,4455,0,2,2,1,0,2,2,2,30,2,1,2,0,1,1,1,0
0,21,0,1,1647,4,2,4,1,3,2,2,0,40,1,1,2,3,2,0,1,0
3,24,1,7,3777,1,2,4,1,3,2,4,2,50,1,1,1,1,1,1,1,1
2,18,1,1,884,0,1,4,1,3,2,4,1,36,0,1,1,1,2,1,1,0
3,15,1,3,1360,0,2,4,1,3,2,2,0,31,1,1,2,1,1,0,1,1
2,9,0,2,5129,0,1,2,0,1,2,4,3,74,0,0,1,0,2,1,1,0
2,16,1,1,1175,0,4,2,1,3,2,3,1,68,1,0,3,2,1,1,1,1
0,12,3,3,674,2,3,4,1,2,2,1,0,20,1,1,1,1,1,0,1,0
2,18,4,7,3244,0,2,1,0,1,2,4,1,33,0,1,2,1,1,1,1,1
3,24,3,6,4591,1,2,2,1,3,2,3,0,54,1,1,3,0,1,1,1,0
2,48,4,6,3844,2,3,4,1,3,2,4,3,34,1,0,1,3,2,0,1,0
2,27,3,6,3915,0,2,4,1,3,2,2,1,36,1,1,1,1,2,1,1,0
3,6,3,3,2108,0,3,2,1,2,2,2,2,29,1,2,1,1,1,0,1,1
2,45,3,3,3031,2,2,4,1,3,1,4,0,21,1,2,1,1,1,0,1,0
2,9,1,9,1501,0,1,2,0,1,2,3,1,34,1,1,2,0,1,1,1,0
3,6,1,3,1382,0,2,1,0,1,2,1,1,28,1,1,2,1,1,1,1,1
2,12,3,7,951,2,0,4,0,1,2,4,1,27,0,2,4,1,1,0,1,0
2,24,3,2,2760,4,1,4,1,3,2,4,3,36,0,0,1,1,1,1,1,1
2,18,2,7,4297,0,1,4,1,0,2,3,3,40,1,1,1,0,1,1,1,0
3,9,1,9,936,3,1,4,1,3,2,2,1,52,1,1,2,1,1,1,1,1
0,12,3,1,1168,0,2,4,1,2,2,3,2,27,1,1,1,3,1,0,1,1
3,27,2,6,5117,0,3,3,1,3,2,4,1,26,1,1,2,1,1,0,1,1
0,12,3,0,902,0,3,4,1,2,2,4,0,21,1,2,1,1,1,0,1,0
3,12,1,1,1495,0,1,4,1,3,2,1,2,38,1,1,2,3,2,0,1,1
0,30,1,2,10623,0,1,3,1,3,2,4,3,38,1,0,3,0,2,1,1,1
3,12,1,7,1935,0,1,4,1,3,2,4,2,43,1,1,3,1,1,1,1,1
2,12,1,8,1424,0,3,4,1,3,2,3,0,26,1,1,1,1,1,0,1,1
0,24,3,6,6568,0,2,2,1,2,2,2,1,21,2,1,1,3,1,0,1,1
3,12,3,2,1413,1,3,3,1,3,2,2,0,55,1,1,1,1,1,0,0,1
3,9,1,3,3074,4,2,1,1,3,2,2,2,33,1,1,2,1,2,0,1,1
3,36,3,3,3835,4,1,2,0,1,2,4,2,45,1,1,1,3,1,1,1,1
0,27,4,6,5293,0,4,2,1,3,2,4,0,50,2,1,2,1,1,1,1,0
1,30,2,6,1908,0,1,4,1,3,2,4,2,66,1,1,1,0,1,1,1,0
3,36,1,3,3342,4,1,4,1,3,2,2,1,51,1,1,1,1,1,1,1,1
2,6,1,0,932,4,3,1,0,1,2,3,0,39,1,1,2,3,1,0,1,1
0,18,4,6,3104,0,3,3,1,3,2,1,0,31,0,1,1,1,1,1,1,1
1,36,3,3,3913,0,2,2,1,3,2,2,2,23,1,1,1,1,1,1,1,1
0,24,3,7,3021,0,2,2,1,0,2,2,2,24,1,2,1,3,1,0,1,1
3,10,3,1,1364,0,2,2,0,1,2,4,1,64,1,1,1,1,1,1,1,1
2,12,3,3,625,0,0,4,1,2,1,1,2,26,0,1,1,3,1,0,1,1
0,12,3,9,1200,4,2,4,0,1,2,4,0,23,0,2,1,1,1,1,1,1
3,12,3,3,707,0,2,4,1,3,2,2,2,30,0,1,2,1,1,0,1,1
3,24,2,6,2978,4,2,4,1,3,2,4,2,32,1,1,2,1,2,1,1,1
3,15,3,2,4657,0,2,3,1,3,2,2,1,30,1,1,1,1,1,1,1,1
3,36,4,4,2613,0,2,4,1,3,2,2,1,27,1,1,2,1,1,0,1,1
2,48,3,3,10961,1,3,1,1,3,0,2,3,27,0,1,2,1,1,1,1,0
0,12,3,7,7865,0,1,4,1,3,2,4,3,53,1,0,1,0,1,1,1,0
3,9,3,3,1478,0,3,4,1,3,2,2,1,22,1,1,1,1,1,0,1,0
0,24,3,7,3149,0,0,4,1,3,2,1,3,22,0,0,1,1,1,0,1,1
1,36,3,3,4210,0,2,4,1,3,2,2,1,26,1,1,1,1,1,0,1,0
3,9,3,1,2507,3,1,2,1,3,2,4,3,51,1,0,1,3,1,0,1,1
3,12,3,3,2141,2,3,3,1,3,2,1,3,35,1,1,1,1,1,0,1,1
2,18,3,3,866,0,2,4,1,2,1,2,2,25,1,1,1,3,1,0,1,1
3,4,1,3,1544,0,3,2,1,3,2,1,2,42,1,1,3,3,2,0,1,1
0,24,3,3,1823,0,4,4,1,3,2,2,1,30,2,1,1,0,2,0,1,0
2,6,3,1,14555,4,4,1,1,3,2,2,0,23,1,1,1,2,1,1,1,0
2,21,3,6,2767,2,1,4,1,0,2,2,1,61,0,2,2,3,1,0,1,0
3,12,1,3,1291,0,2,4,0,1,2,2,0,35,1,1,2,1,1,0,1,1
0,30,3,3,2522,0,1,1,1,3,1,3,0,39,1,1,1,1,2,0,1,1
0,24,3,1,915,4,1,4,0,1,2,2,1,29,0,1,1,1,1,0,1,0
3,6,3,3,1595,0,3,3,1,3,2,2,0,51,1,1,1,1,2,0,1,1
0,48,4,2,4605,0,1,3,1,3,2,4,3,24,1,0,2,1,2,0,1,0
3,12,1,6,1185,0,2,3,0,1,2,2,2,27,1,1,2,1,1,0,1,1
3,12,0,0,3447,3,2,4,0,1,2,3,2,35,1,1,1,3,2,0,1,1
3,24,3,6,1258,0,3,4,1,3,2,1,2,25,1,1,1,1,1,1,1,1
3,12,1,3,717,0,1,4,1,3,2,4,2,52,1,1,3,1,1,0,1,1
3,6,4,1,1204,2,2,4,1,3,2,1,3,35,0,2,1,1,1,0,0,1
1,24,3,7,1925,0,2,2,1,3,2,2,2,26,1,1,1,1,1,0,1,1
3,18,3,3,433,0,4,3,0,1,0,4,2,22,1,2,1,1,1,0,1,0
0,6,1,1,666,1,3,3,0,1,2,4,2,39,1,1,2,3,1,1,1,1
1,12,3,7,2251,0,2,1,0,1,2,2,1,46,1,1,1,3,1,0,1,1
2,30,3,1,2150,0,2,4,0,1,1,2,3,24,0,1,1,1,1,0,1,0
3,24,2,7,4151,2,2,2,1,3,2,3,0,35,1,1,2,1,1,0,1,1
2,9,3,7,2030,4,3,2,1,3,2,1,1,24,1,1,1,1,1,1,1,1
2,60,2,3,7418,4,2,1,1,3,2,1,2,27,1,1,1,3,1,0,1,1
3,24,1,3,2684,0,2,4,1,3,2,2,2,35,1,1,2,3,1,0,1,1
0,12,0,3,2149,0,2,4,1,0,2,1,3,29,1,0,1,1,1,0,1,0
3,15,3,2,3812,2,0,1,0,1,2,4,1,23,1,1,1,1,1,1,1,1
3,11,1,3,1154,2,4,4,0,1,2,4,2,57,1,1,3,3,1,0,1,1
0,12,3,7,1657,0,2,2,1,3,2,2,2,27,1,1,1,1,1,0,1,1
0,24,3,3,1603,0,1,4,0,1,2,4,1,55,1,1,1,1,1,0,1,1
0,18,1,1,5302,0,1,2,1,3,2,4,3,36,1,0,3,0,1,1,1,1
3,12,1,9,2748,0,1,2,0,1,2,4,3,57,0,0,3,3,1,0,1,1
3,10,1,1,1231,0,1,3,1,3,2,4,2,32,1,1,2,3,2,0,0,1
2,15,3,3,802,0,1,4,1,3,2,3,1,37,1,1,1,1,2,0,1,0
3,36,1,6,6304,4,1,4,1,3,2,4,2,36,1,1,2,1,1,0,1,1
3,24,3,3,1533,0,0,4,0,1,2,3,1,38,2,1,1,1,1,1,1,1
0,14,3,1,8978,0,1,1,1,0,2,4,0,45,1,1,1,0,1,1,0,0
3,24,3,3,999,4,1,4,1,3,2,2,1,25,1,1,2,1,1,0,1,1
3,18,3,1,2662,4,3,4,1,3,2,3,0,32,1,1,1,1,1,0,0,1
3,12,1,7,1402,3,3,3,0,1,2,4,1,37,1,2,1,1,1,1,1,1
2,48,0,1,12169,4,4,4,1,3,0,4,3,36,1,0,1,0,1,1,1,1
2,48,3,3,3060,0,3,4,1,3,2,4,2,28,1,1,2,1,1,0,1,0
0,30,3,4,11998,0,0,1,1,0,2,1,3,34,1,1,1,3,1,1,1,0
3,9,3,3,2697,0,2,1,1,3,2,2,2,32,1,1,1,1,2,0,1,1
3,18,1,3,2404,0,2,2,0,1,2,2,1,26,1,1,2,1,1,0,1,1
0,12,3,7,1262,4,1,2,1,0,2,4,0,49,1,1,1,3,1,1,1,1
3,6,3,7,4611,0,0,1,0,1,2,4,0,32,1,1,1,1,1,0,1,0
3,24,3,3,1901,2,2,4,1,3,2,4,1,29,1,2,1,0,1,1,1,1
3,15,1,2,3368,1,1,3,1,3,2,4,3,23,1,2,2,1,1,1,1,1
3,12,3,7,1574,0,2,4,1,3,2,2,2,50,1,1,1,1,1,0,1,1
1,18,0,3,1445,4,3,4,1,3,2,4,1,49,0,1,1,3,1,0,1,1
3,15,1,7,1520,4,1,4,1,3,2,4,0,63,1,1,1,1,1,0,1,1
2,24,1,1,3878,2,0,4,1,0,2,2,1,37,1,1,1,1,1,1,1,1
0,47,3,1,10722,0,0,1,0,1,2,1,2,35,1,1,1,3,1,1,1,1
0,48,3,2,4788,0,3,4,1,3,2,3,0,26,1,1,1,1,2,0,1,1
2,48,2,5,7582,2,4,2,1,3,2,4,3,31,1,0,1,0,1,1,1,1
2,12,3,3,1092,0,2,4,0,1,1,4,2,49,1,1,2,1,1,1,1,1
0,24,2,3,1024,0,0,4,1,2,2,4,2,48,2,1,1,1,1,0,1,0
3,12,3,6,1076,0,2,2,1,2,2,2,2,26,1,1,1,1,1,1,0,1
2,36,3,2,9398,0,0,1,1,2,2,4,1,28,1,2,1,0,1,1,1,0
0,24,1,2,6419,0,1,2,0,1,2,4,3,44,1,0,2,0,2,1,1,1
1,42,1,2,4796,0,1,4,1,3,2,4,3,56,1,0,1,1,1,0,1,1
3,48,1,6,7629,4,1,4,1,0,2,2,1,46,0,1,2,0,2,0,1,1
2,48,3,7,9960,0,0,1,0,1,2,2,1,26,1,1,1,1,1,1,1,0
3,12,3,2,4675,4,0,1,0,1,2,4,1,20,1,2,1,1,1,0,1,1
3,10,3,1,1287,4,1,4,1,3,0,2,0,45,1,1,1,3,1,0,0,1
3,18,3,7,2515,0,2,3,1,3,2,4,2,43,1,1,1,1,1,1,1,1
2,21,1,7,2745,1,3,3,1,3,2,2,1,32,1,1,2,1,1,1,1,1
3,6,3,1,672,0,4,1,0,1,2,4,2,54,1,1,1,2,1,1,1,1
2,36,4,3,3804,0,2,4,0,1,2,1,1,42,1,1,1,1,1,1,1,0
1,24,1,1,1344,4,3,4,1,3,2,2,2,37,0,1,2,3,2,0,1,0
0,10,1,1,1038,0,3,4,1,3,0,3,0,49,1,1,2,1,1,1,1,1
3,48,1,1,10127,3,2,2,1,3,2,2,3,44,0,0,1,1,1,0,1,0
3,6,3,7,1543,1,2,4,1,0,2,2,2,33,1,1,1,1,1,0,1,1
3,30,3,2,4811,4,3,2,0,1,2,4,0,24,2,2,1,3,1,0,1,1
0,12,3,3,727,2,0,4,1,2,2,3,3,33,1,1,1,3,1,1,1,0
2,8,3,7,1237,0,2,3,0,1,2,4,2,24,1,1,1,1,1,0,1,0
2,9,3,1,276,0,2,4,1,2,2,4,2,22,1,2,1,3,1,0,1,1
2,48,3,5,5381,4,4,3,1,3,2,4,3,40,0,0,1,2,1,1,1,1
3,24,3,7,5511,2,2,4,1,3,2,1,1,25,2,1,1,1,1,0,1,1
1,24,3,7,3749,0,0,2,0,1,2,4,1,26,1,1,1,1,1,0,1,1
2,12,3,1,685,0,3,2,1,2,2,3,1,25,0,1,1,3,1,0,1,0
1,4,3,1,1494,4,0,1,1,3,2,2,2,29,1,1,1,3,2,0,0,1
0,36,0,7,2746,0,1,4,1,3,2,4,1,31,0,1,1,1,1,0,1,0
0,12,3,7,708,0,2,2,1,3,1,3,0,38,1,1,1,3,2,0,1,1
2,24,3,7,4351,4,2,1,0,1,2,4,0,48,1,1,1,3,1,1,1,1
3,12,1,9,701,0,2,4,1,3,2,2,1,32,1,1,2,1,1,0,1,1
0,15,2,7,3643,0,1,1,0,1,2,4,0,27,1,1,2,3,1,0,1,1
2,30,1,1,4249,0,4,4,1,2,2,2,1,28,1,1,2,0,1,0,1,0
0,24,3,3,1938,0,0,4,1,0,2,3,0,32,1,1,1,1,1,0,1,0
0,24,3,2,2910,0,3,2,1,3,2,1,3,34,1,0,1,0,1,1,1,1
0,18,3,7,2659,1,2,4,1,3,2,2,1,28,1,1,1,1,1,0,1,1
3,18,1,1,1028,0,2,4,0,1,2,3,2,36,1,1,2,1,1,0,1,1
0,8,1,1,3398,0,3,1,1,3,2,4,2,39,1,1,2,3,1,0,0,1
3,12,1,7,5801,4,1,2,1,3,2,4,0,49,1,2,1,1,1,1,1,1
3,24,3,1,1525,1,3,4,0,1,2,3,1,34,1,1,1,1,2,1,1,1
1,36,3,3,4473,0,1,4,1,3,2,2,1,31,1,1,1,1,1,0,1,1
2,6,3,3,1068,0,1,4,1,3,2,4,1,28,1,1,1,1,2,0,1,1
0,24,1,2,6615,0,4,2,1,3,2,4,3,75,1,0,2,0,1,1,1,1
3,18,1,9,1864,2,2,4,0,1,2,2,2,30,1,1,2,1,1,0,1,0
2,60,3,1,7408,2,0,4,0,1,2,2,0,24,1,1,1,0,1,0,1,0
3,48,1,2,11590,2,2,2,0,1,2,4,1,24,0,2,2,3,1,0,1,0
0,24,4,7,4110,0,1,3,1,3,2,4,3,23,0,2,2,1,2,0,1,0
0,6,1,7,3384,0,2,1,1,0,2,4,2,44,1,2,1,0,1,1,1,0
2,13,3,3,2101,0,0,2,0,1,1,4,0,23,1,1,1,3,1,0,1,1
0,15,3,8,1275,4,2,4,0,1,2,2,1,24,1,2,1,1,1,0,1,0
0,24,3,7,4169,0,2,4,1,3,2,4,0,28,1,1,1,1,1,0,1,1
2,10,3,7,1521,0,2,4,1,0,2,2,1,31,1,1,1,3,1,0,1,1
2,24,1,9,5743,0,0,2,0,1,2,4,3,24,1,0,2,1,1,1,1,1
0,21,3,7,3599,0,3,1,0,1,2,4,1,26,1,2,1,3,1,0,1,1
2,18,3,3,3213,3,0,1,1,2,2,3,2,25,1,2,1,1,1,0,1,1
2,18,3,6,4439,0,1,1,1,3,0,1,2,33,0,1,1,0,1,1,1,1
1,10,3,1,3949,0,0,1,1,3,1,1,0,37,1,1,1,3,2,0,1,1
3,15,1,3,1459,0,2,4,0,1,2,2,1,43,1,1,1,3,1,0,1,1
2,13,1,3,882,0,0,4,1,3,1,4,2,23,1,1,2,1,1,0,1,1
2,24,3,3,3758,3,4,1,0,1,2,4,3,23,1,2,1,2,1,0,1,1
3,6,2,6,1743,2,2,1,1,3,2,2,2,34,1,1,2,3,1,0,1,1
2,9,1,9,1136,1,1,4,1,3,2,3,3,32,1,0,2,1,2,0,1,0
3,9,3,8,1236,0,0,1,0,1,2,4,2,23,1,2,1,1,1,1,1,1
2,9,3,7,959,0,2,1,0,1,2,2,1,29,1,1,1,1,1,0,0,0
3,18,1,2,3229,4,4,2,1,3,2,4,3,38,1,1,1,0,1,1,1,1
0,12,4,3,6199,0,2,4,1,3,2,2,0,28,1,2,2,1,1,1,1,0
3,10,3,9,727,3,1,4,1,3,2,4,3,46,1,0,1,1,1,1,1,1
2,24,3,1,1246,0,0,4,1,3,2,2,2,23,2,1,1,3,1,0,1,0
3,12,1,3,2331,4,1,1,1,3,0,4,2,49,1,1,1,1,1,1,1,1
3,36,2,3,4463,0,2,4,1,3,2,2,1,26,1,1,2,0,1,1,1,0
3,12,3,3,776,0,2,4,1,2,2,2,2,28,1,1,1,1,1,0,1,1
0,30,3,7,2406,0,3,4,0,1,2,4,2,23,1,2,1,1,1,0,1,0
2,18,3,9,1239,4,2,4,1,3,2,4,3,61,1,0,1,1,1,0,1,1
1,12,3,3,3399,4,1,2,1,3,2,3,1,37,1,1,1,0,1,0,1,1
1,12,2,1,2247,0,2,2,0,1,2,2,1,36,2,1,2,1,1,1,1,1
3,6,3,7,1766,0,2,1,1,2,2,2,0,21,1,2,1,1,1,0,1,1
0,18,3,7,2473,0,4,4,1,3,2,1,1,25,1,1,1,2,1,0,1,0
3,12,3,6,1542,0,3,2,1,3,2,4,1,36,1,1,1,1,1,1,1,1
3,18,1,2,3850,0,3,3,1,3,2,1,1,27,1,1,2,1,1,0,1,1
0,18,3,7,3650,0,0,1,0,1,2,4,1,22,1,2,1,1,1,0,1,1
0,36,3,7,3446,0,1,4,1,3,2,2,1,42,1,1,1,1,2,0,1,0
2,18,3,7,3001,0,3,2,0,1,2,4,2,40,1,2,1,1,1,0,1,1
3,36,3,1,3079,4,2,4,1,3,2,4,2,36,1,1,1,1,1,0,1,1
3,18,1,3,6070,0,1,3,1,3,2,4,1,33,1,1,2,1,1,1,1,1
3,10,1,7,2146,0,0,1,0,1,2,3,2,23,1,2,2,1,1,0,1,1
3,60,1,1,13756,4,1,2,1,3,2,4,3,63,0,0,1,0,1,1,1,1
2,60,0,5,14782,2,1,3,0,1,2,4,3,60,0,0,2,0,1,1,1,0
0,48,0,6,7685,0,3,2,0,1,1,4,1,37,1,2,1,1,1,0,1,0
3,18,2,3,2320,0,4,2,1,2,2,3,2,34,1,1,2,1,1,0,1,1
3,7,2,3,846,4,1,3,1,3,2,4,3,36,1,0,1,1,1,0,1,1
2,36,3,1,14318,0,1,4,1,3,2,2,3,57,1,0,1,0,1,1,1,0
3,6,1,1,362,2,2,4,0,1,2,4,1,52,1,1,2,3,1,0,1,1
0,20,3,7,2212,4,3,4,1,3,2,4,1,39,1,1,1,1,1,1,1,1
2,18,3,2,12976,0,4,3,0,1,2,4,3,38,1,0,1,0,1,1,1,0
3,22,3,1,1283,4,3,4,0,1,2,4,0,25,1,2,1,1,1,0,1,1
1,12,3,1,1330,0,0,4,1,3,2,1,2,26,1,1,1,1,1,0,1,1
3,30,2,6,4272,2,2,2,1,3,2,2,0,26,1,1,2,3,1,0,1,1
3,18,1,3,2238,0,2,2,0,1,2,1,1,25,1,1,2,1,1,0,1,1
3,18,3,3,1126,4,0,4,0,1,2,2,2,21,1,2,1,1,1,1,1,1
2,18,1,7,7374,0,4,4,1,3,2,4,0,40,2,1,2,0,1,1,1,1
2,15,1,6,2326,3,2,2,1,3,2,4,1,27,0,1,1,1,1,0,1,1
3,9,3,6,1449,0,3,3,0,1,2,2,1,27,1,1,2,1,1,0,1,1
3,18,3,1,1820,0,2,2,1,2,2,2,0,30,1,1,1,0,1,1,1,1
2,12,3,7,983,1,0,1,0,1,2,4,2,19,1,2,1,3,1,0,1,1
0,36,3,1,3249,0,3,2,1,3,2,4,3,39,0,0,1,0,2,1,1,1
0,6,1,3,1957,0,3,1,0,1,2,4,1,31,1,1,1,1,1,0,1,1
3,9,1,7,2406,0,4,2,1,3,2,3,1,31,1,1,1,0,1,0,1,1
2,39,2,9,11760,2,3,2,1,3,2,3,3,32,1,2,1,1,1,1,1,1
0,12,3,7,2578,0,4,3,0,1,2,4,3,55,1,0,1,0,1,0,1,1
0,36,1,7,2348,0,2,3,1,2,2,2,0,46,1,1,2,1,1,1,1,1
2,12,3,1,1223,0,1,1,1,0,2,1,2,46,1,2,2,1,1,0,1,0
3,24,1,3,1516,1,2,4,0,1,2,1,2,43,1,1,2,3,1,0,1,1
3,18,3,3,1473,0,0,3,1,2,2,4,2,39,1,1,1,1,1,1,1,1
2,18,1,6,1887,4,2,4,1,2,2,4,2,28,0,1,2,1,1,0,1,1
3,24,2,6,8648,0,0,2,1,3,2,2,1,27,0,1,2,1,1,1,1,0
3,14,2,1,802,0,2,4,1,3,2,2,1,27,1,1,2,3,1,0,1,1
2,18,2,1,2899,4,1,4,1,3,2,4,1,43,1,1,1,1,2,0,1,1
2,24,3,3,2039,0,0,1,1,2,2,1,0,22,1,1,1,1,1,1,1,0
3,24,1,2,2197,4,3,4,1,3,2,4,1,43,1,1,2,1,2,1,1,1
0,15,3,3,1053,0,0,4,1,2,2,2,2,27,1,1,1,1,1,0,0,1
3,24,3,3,3235,3,1,3,1,0,2,2,1,26,1,1,1,0,1,1,1,1
1,12,1,1,939,3,3,4,1,2,2,2,2,28,1,1,3,1,1,1,1,0
2,24,3,3,1967,0,1,4,0,1,2,4,1,20,1,1,1,1,1,1,1,1
3,33,1,2,7253,0,3,3,1,3,2,2,1,35,1,1,2,0,1,1,1,1
3,12,1,6,2292,0,4,4,1,3,2,2,1,42,2,1,2,0,1,1,1,0
3,10,3,1,1597,3,2,3,1,3,2,2,3,40,1,2,1,3,2,0,0,1
0,24,3,1,1381,4,2,4,0,1,2,2,0,35,1,1,1,1,1,0,1,0
3,36,1,2,5842,0,1,2,1,3,2,2,0,35,1,1,2,1,2,1,1,1
0,12,3,1,2579,0,0,4,1,3,2,1,2,33,1,1,1,3,2,0,1,0
0,18,2,9,8471,4,2,1,0,1,2,2,1,23,1,2,2,1,1,1,1,1
3,21,3,1,2782,3,3,1,0,1,2,2,1,31,0,1,1,0,1,0,1,1
2,18,3,1,1042,4,2,4,0,1,2,2,0,33,1,1,1,1,1,0,1,0
3,15,3,1,3186,1,3,2,0,1,2,3,1,20,1,2,1,1,1,0,1,1
2,12,3,2,2028,4,2,4,1,3,2,2,1,30,1,1,1,1,1,0,1,1
2,12,1,1,958,0,3,2,1,3,2,3,2,47,1,1,2,3,2,0,1,1
3,21,2,7,1591,2,3,4,1,3,2,3,2,34,1,1,2,0,1,0,1,1
2,12,3,7,2762,4,1,1,0,1,2,2,0,25,0,1,1,1,1,1,1,0
2,18,3,2,2779,0,2,1,1,2,2,3,1,21,1,2,1,1,1,1,1,1
3,28,1,3,2743,0,1,4,1,3,2,2,1,29,1,1,2,1,1,0,1,1
3,18,1,3,1149,1,2,4,1,3,2,3,2,46,1,1,2,1,1,0,1,1
3,9,3,7,1313,0,1,1,1,3,2,4,1,20,1,1,1,1,1,0,1,1
0,18,1,4,1190,0,4,2,0,1,2,4,3,55,1,0,3,2,2,0,1,0
3,5,3,6,3448,0,3,1,1,3,2,4,2,74,1,1,1,3,1,0,1,1
2,24,3,5,11328,0,2,2,1,3,0,3,1,29,0,1,2,0,1,1,1,0
0,6,1,7,1872,0,4,4,1,3,2,4,3,36,1,0,3,0,1,1,1,1
3,24,1,4,2058,0,2,4,1,0,2,2,2,33,1,1,2,1,1,1,1,1
0,9,3,7,2136,0,2,3,1,3,2,2,2,25,1,1,1,1,1,0,1,1
2,12,3,3,1484,4,2,2,1,2,2,1,2,25,1,1,1,1,1,1,1,0
3,6,3,4,660,3,3,2,1,2,2,4,2,23,1,2,1,3,1,0,1,1
3,24,1,1,1287,1,1,4,0,1,2,4,2,37,1,1,2,1,1,1,1,1
0,42,1,4,3394,0,4,4,1,3,0,4,1,65,1,1,2,2,1,0,1,1
1,12,0,6,609,0,0,4,0,1,2,1,2,26,1,1,1,2,1,0,1,0
3,12,3,1,1884,0,1,4,1,3,2,4,1,39,1,1,1,0,1,1,1,1
0,12,3,7,1620,0,2,2,0,1,0,3,0,30,1,1,1,1,1,0,1,1
2,20,2,5,2629,0,2,2,1,3,2,3,1,29,0,1,2,1,1,1,1,1
3,12,3,9,719,0,1,4,1,3,2,4,1,41,0,1,1,3,2,0,1,0
2,48,1,7,5096,0,2,2,0,1,2,3,1,30,1,1,1,0,1,1,1,0
3,9,1,9,1244,4,1,4,0,1,2,4,0,41,1,2,2,3,1,0,1,1
0,36,3,1,1842,0,0,4,0,1,2,4,1,34,1,1,1,1,1,1,1,0
2,7,3,3,2576,0,2,2,1,3,1,2,2,35,1,1,1,1,1,0,1,1
1,12,3,7,1424,4,1,3,0,1,2,4,2,55,1,1,1,0,1,1,1,1
2,15,2,4,1512,1,2,3,1,2,2,3,0,61,2,1,2,1,1,0,1,0
3,36,1,2,11054,4,2,4,1,3,2,2,1,30,1,1,1,0,1,1,1,1
3,6,3,3,518,0,2,3,0,1,2,1,2,29,1,1,1,1,1,0,1,1
3,12,4,7,2759,0,1,2,1,3,2,4,0,34,1,1,2,1,1,0,1,1
3,24,3,2,2670,0,1,4,1,3,2,4,1,35,1,1,1,0,1,1,1,1
0,24,3,1,4817,0,3,2,1,3,0,3,0,31,1,1,1,1,1,1,1,0
3,24,3,2,2679,0,0,4,0,1,2,1,3,29,1,1,1,0,1,1,1,1
0,11,1,1,3905,0,2,2,1,3,2,2,2,36,1,2,2,1,2,0,1,1
0,12,3,2,3386,0,1,3,1,3,2,4,3,35,1,0,1,1,1,1,1,0
0,6,3,8,343,0,0,4,0,1,2,1,2,27,1,1,1,1,1,0,1,1
3,18,3,3,4594,0,0,3,1,3,2,2,1,32,1,1,1,1,1,1,1,1
0,36,3,7,3620,0,2,1,1,3,1,2,0,37,1,1,1,1,2,0,1,1
0,15,3,1,1721,0,0,2,1,3,2,3,2,36,1,1,1,1,1,0,1,1
2,12,3,7,3017,0,0,3,0,1,2,1,2,34,1,2,1,0,1,0,1,1
2,12,3,0,754,4,1,4,1,3,2,4,0,38,1,1,2,1,1,0,1,1
3,18,3,6,1950,0,3,4,1,3,2,1,1,34,2,1,2,1,1,1,1,1
0,24,3,2,2924,0,2,3,1,3,1,4,3,63,0,1,1,1,2,1,1,1
0,24,2,3,1659,0,0,4,0,1,2,2,1,29,1,2,1,3,1,1,1,0
3,48,2,3,7238,4,1,3,1,3,2,3,1,32,0,1,2,1,2,0,1,1
3,33,2,6,2764,0,2,2,0,1,2,2,1,26,1,1,2,1,1,1,1,1
3,24,2,2,4679,0,3,3,1,3,2,3,1,35,1,1,2,3,1,1,1,1
2,24,3,3,3092,2,0,3,1,2,2,2,1,22,1,2,1,1,1,1,1,0
0,6,3,9,448,0,0,4,0,1,2,4,0,23,1,1,1,1,1,0,1,0
0,9,3,1,654,0,2,4,1,3,2,3,1,28,1,1,1,3,1,0,1,0
3,6,3,0,1238,4,4,4,1,3,2,4,0,36,1,1,1,0,2,1,1,1
2,18,1,3,1245,0,2,4,1,2,2,2,1,33,1,1,1,1,1,0,1,0
0,18,4,7,3114,0,0,1,0,1,2,4,0,26,1,2,1,1,1,0,1,0
3,39,3,2,2569,3,2,4,1,3,2,4,1,24,1,1,1,1,1,0,1,1
1,24,3,3,5152,0,3,4,1,3,2,2,1,25,0,1,1,1,1,0,1,1
2,12,3,6,1037,2,3,3,1,3,2,4,2,39,1,1,1,3,1,0,1,1
0,15,1,7,1478,0,1,4,1,3,2,4,1,44,1,1,2,1,2,1,1,1
2,12,1,3,3573,0,2,1,0,1,2,1,2,23,1,1,1,3,1,0,1,1
2,24,3,1,1201,0,0,4,1,3,2,1,0,26,1,1,1,1,1,0,1,1
0,30,3,7,3622,1,1,4,0,1,2,4,0,57,1,2,2,1,1,1,1,1
3,15,2,7,960,1,3,3,0,1,2,2,0,30,1,1,2,1,1,0,1,1
3,12,1,1,1163,3,2,4,1,3,2,4,2,44,1,1,1,1,1,1,1,1
2,6,2,1,1209,0,4,4,1,3,2,4,0,47,1,1,1,0,1,1,1,0
3,12,3,3,3077,0,2,2,1,3,2,4,1,52,1,1,1,1,1,1,1,1
3,24,3,1,3757,0,1,4,0,1,0,4,3,62,1,0,1,1,1,1,1,1
3,10,3,1,1418,2,2,3,1,3,2,2,2,35,1,2,1,3,1,0,0,1
3,6,3,1,3518,0,2,2,1,3,1,3,0,26,1,2,1,1,1,0,1,1
3,12,1,3,1934,0,1,2,1,3,2,2,3,26,1,1,2,1,1,0,1,1
2,27,4,6,8318,0,1,2,0,1,2,4,3,42,1,0,2,0,1,1,1,0
3,6,1,3,1237,2,2,1,0,1,2,1,0,27,1,1,2,1,1,0,1,1
2,6,3,3,368,4,1,4,1,3,2,4,0,38,1,1,1,1,1,0,1,1
0,12,1,1,2122,0,2,3,1,3,2,2,2,39,1,2,2,3,2,0,0,1
0,24,3,7,2996,4,2,2,1,2,2,4,1,20,1,1,1,1,1,0,1,0
2,36,3,7,9034,2,0,4,1,3,0,1,3,29,1,2,1,0,1,1,1,0
3,24,1,7,1585,0,3,4,1,3,2,3,0,40,1,1,2,1,1,0,1,1
2,18,3,3,1301,0,1,4,1,2,1,2,2,32,1,1,1,3,1,0,1,1
1,6,1,1,1323,2,1,2,1,0,2,4,1,28,1,1,2,1,2,1,1,1
0,24,3,1,3123,0,0,4,0,1,2,1,0,27,1,1,1,1,1,0,1,0
0,36,3,2,5493,0,1,2,1,3,2,4,3,42,1,0,1,1,2,0,1,1
1,9,3,3,1126,2,1,2,1,0,2,4,2,49,1,1,1,1,1,0,1,1
2,24,1,3,1216,2,0,4,1,3,2,4,3,38,0,1,2,1,2,0,1,0
0,24,3,1,1207,0,0,4,0,1,2,4,0,24,1,2,1,1,1,0,1,0
3,10,3,1,1309,4,2,4,1,3,1,4,0,27,1,1,1,3,1,0,1,0
1,15,1,2,2360,3,2,2,1,3,2,2,1,36,1,1,1,1,1,1,1,1
2,15,0,1,6850,2,4,1,1,3,2,2,0,34,1,1,1,0,2,1,1,0
3,24,3,3,1413,0,2,4,1,2,2,2,0,28,1,1,1,1,1,0,1,1
3,39,3,2,8588,2,1,4,1,3,2,2,1,45,1,1,1,0,1,1,1,1
0,12,3,1,759,0,3,4,1,3,2,2,2,26,1,1,1,1,1,0,1,0
3,36,3,2,4686,0,2,2,1,3,2,2,3,32,1,0,1,0,1,1,1,1
1,15,3,6,2687,0,3,2,1,3,2,4,0,26,1,2,1,1,1,1,1,1
2,12,2,3,585,0,2,4,1,2,0,4,2,20,1,2,2,1,1,0,1,1
3,24,3,1,2255,4,0,4,1,3,2,1,0,54,1,1,1,1,1,0,1,1
0,6,1,1,609,0,3,4,0,1,2,3,0,37,1,1,2,1,1,0,0,1
0,6,1,1,1361,0,0,2,1,3,2,4,2,40,1,1,1,3,2,0,0,1
3,36,1,7,7127,0,0,2,0,1,2,4,0,23,1,2,2,1,1,1,1,0
0,6,3,1,1203,2,1,3,1,3,2,2,0,43,1,1,1,1,1,1,1,1
3,6,1,3,700,4,1,4,1,3,2,4,3,36,1,0,2,1,1,0,1,1
3,24,1,4,5507,0,1,3,1,3,2,4,3,44,1,0,2,1,1,0,1,1
0,18,3,3,3190,0,2,2,0,1,2,2,2,24,1,1,1,1,1,0,1,0
0,48,4,7,7119,0,2,3,1,3,2,4,3,53,1,0,2,1,2,0,1,0
3,24,3,2,3488,2,3,3,0,1,2,4,1,23,1,1,1,1,1,0,1,1
2,18,3,3,1113,0,2,4,0,1,1,4,2,26,1,1,1,3,2,0,1,1
2,26,3,2,7966,0,0,2,1,3,2,3,1,30,1,1,2,1,1,0,1,1
3,15,1,9,1532,2,2,4,0,1,2,3,1,31,1,1,1,1,1,0,1,1
3,4,1,3,1503,0,3,2,1,3,2,1,2,42,1,1,2,3,2,0,1,1
0,36,3,3,2302,0,2,4,1,0,2,4,1,31,1,2,1,1,1,0,1,0
0,6,3,1,662,0,0,3,1,3,2,4,2,41,1,1,1,3,2,1,1,1
2,36,3,9,2273,0,3,3,1,3,2,1,1,32,1,1,2,1,2,0,1,1
2,15,3,1,2631,2,2,2,0,1,2,4,1,28,1,2,2,1,1,1,1,0
3,12,2,2,1503,0,2,4,1,2,2,4,2,41,1,2,1,1,1,0,1,1
3,24,3,3,1311,2,3,4,1,2,2,3,0,26,1,1,1,1,1,1,1,1
3,24,3,3,3105,4,0,4,1,3,2,2,1,25,1,1,2,1,1,0,1,1
1,21,1,9,2319,0,0,2,1,0,2,1,1,33,1,2,1,1,1,0,1,0
0,6,3,1,1374,4,4,4,0,1,2,3,0,75,1,1,1,0,1,1,1,1
2,18,1,7,3612,0,1,3,0,1,2,4,0,37,1,1,1,1,1,1,1,1
0,48,3,1,7763,0,1,4,1,3,2,4,3,42,0,0,1,0,1,0,1,0
1,18,3,7,3049,0,0,1,0,1,2,1,0,45,2,1,1,3,1,0,1,1
2,12,3,3,1534,0,0,1,1,2,2,1,2,23,1,2,1,1,1,0,1,0
3,24,2,1,2032,0,1,4,1,3,2,4,3,60,1,0,2,1,1,1,1,1
0,30,3,7,6350,4,1,4,1,3,2,4,0,31,1,1,1,1,1,0,1,0
1,18,3,7,2864,0,2,2,1,3,2,1,2,34,1,1,1,3,2,0,1,0
3,12,1,1,1255,0,1,4,1,3,2,4,2,61,1,1,2,3,1,0,1,1
0,24,2,1,1333,0,4,4,1,3,2,2,2,43,1,0,2,1,2,0,1,0
3,24,1,1,2022,0,2,4,0,1,2,4,1,37,1,1,1,1,1,1,1,1
3,24,3,3,1552,0,3,3,1,3,2,1,1,32,0,1,1,1,2,0,1,1
0,12,0,3,626,0,2,4,0,1,2,4,2,24,0,1,1,3,1,0,1,0
3,48,1,2,8858,4,3,2,1,3,2,1,3,35,1,0,2,1,1,1,1,1
3,12,1,4,996,4,3,4,0,1,2,4,2,23,1,1,2,1,1,0,1,1
3,6,0,3,1750,3,1,2,1,3,2,4,0,45,0,1,1,3,2,0,1,1
0,48,3,3,6999,0,3,1,1,2,1,1,2,34,1,1,2,1,1,1,1,0
2,12,1,1,1995,2,0,4,1,3,2,1,1,27,1,1,1,1,1,0,1,1
2,9,3,9,1199,0,3,4,0,1,2,4,0,67,1,1,2,0,1,1,1,1
2,12,3,3,1331,0,0,2,1,3,2,1,1,22,2,1,1,1,1,0,1,0
2,18,4,1,2278,2,0,3,0,1,2,3,1,28,1,1,2,1,1,0,1,0
3,21,4,1,5003,4,2,1,0,1,2,4,0,29,0,1,2,1,1,1,1,0
0,24,0,7,3552,0,3,3,1,3,2,4,1,27,0,1,1,1,1,0,1,0
2,18,1,7,1928,0,0,2,1,3,2,2,2,31,1,1,2,3,1,0,1,0
0,24,3,2,2964,4,1,4,1,3,2,4,3,49,0,0,1,1,2,1,1,1
0,24,0,3,1546,0,3,4,1,3,1,4,1,24,0,2,1,3,1,0,1,0
1,6,2,3,683,0,0,2,0,1,2,1,0,29,0,1,1,1,1,0,1,1
2,36,3,1,12389,4,2,1,1,3,2,4,3,37,1,0,1,1,1,1,1,0
2,24,2,6,4712,4,2,4,1,3,2,2,0,37,0,1,2,0,1,1,1,1
2,24,2,3,1553,2,3,3,0,1,2,2,0,23,1,2,2,1,1,1,1,1
0,12,3,1,1372,0,3,2,1,0,2,3,1,36,1,1,1,1,1,0,1,0
3,24,1,3,2578,1,1,2,1,3,2,2,1,34,1,1,1,1,1,0,1,1
2,48,3,3,3979,4,3,4,1,3,2,1,1,41,1,1,2,1,2,1,1,1
0,48,3,3,6758,0,2,3,0,1,2,2,1,31,1,1,1,1,1,1,1,0
0,24,3,7,3234,0,0,4,0,1,2,4,2,23,1,2,1,3,1,1,1,0
3,30,1,3,5954,0,3,3,1,3,0,2,1,38,1,1,1,1,1,0,1,1
3,24,3,2,5433,4,4,2,0,1,2,4,0,26,1,2,1,0,1,1,1,1
0,15,3,6,806,0,2,4,0,1,2,4,0,22,1,1,1,3,1,0,1,1
2,9,3,3,1082,0,1,4,1,3,2,4,1,27,1,1,2,3,1,0,1,1
3,15,1,7,2788,0,3,2,0,1,0,3,1,24,0,1,2,1,1,0,1,1
2,12,3,3,2930,0,3,2,0,1,2,1,2,27,1,1,1,1,1,0,1,1
3,24,1,9,1927,4,2,3,0,1,2,2,1,33,1,1,2,1,1,1,1,1
2,36,1,1,2820,0,0,4,1,0,2,4,1,27,1,1,2,1,1,0,1,0
3,24,3,0,937,0,0,4,1,2,2,3,1,27,1,1,2,3,1,0,1,1
2,18,1,1,1056,0,1,3,1,3,1,3,2,30,0,1,2,1,1,0,1,0
2,12,1,1,3124,0,0,1,1,3,2,3,2,49,0,1,2,3,2,0,1,1
3,9,3,7,1388,0,2,4,0,1,2,2,2,26,1,2,1,1,1,0,1,1
2,36,3,4,2384,0,0,4,1,3,2,1,3,33,1,2,1,3,1,0,1,0
3,12,3,1,2133,4,1,4,0,1,2,4,3,52,1,0,1,0,1,1,1,1
0,18,3,7,2039,0,2,1,0,1,2,4,2,20,0,2,1,1,1,0,1,0
0,9,1,1,2799,0,2,2,1,3,2,2,2,36,1,2,2,1,2,0,1,1
0,12,3,7,1289,0,2,4,1,3,1,1,0,21,1,1,1,3,1,0,1,1
0,18,3,8,1217,0,2,4,1,2,2,3,2,47,1,1,1,3,1,1,1,0
0,12,1,7,2246,0,1,3,1,3,2,3,0,60,1,1,2,1,1,0,1,0
0,12,1,3,385,0,3,4,0,1,2,3,2,58,1,1,4,3,1,1,1,1
2,24,2,1,1965,4,2,4,0,1,2,4,1,42,1,2,2,1,1,1,1,1
3,21,3,6,1572,1,1,4,0,1,2,4,2,36,0,1,1,3,1,0,1,1
2,24,3,1,2718,0,2,3,0,1,2,4,0,20,1,2,1,3,1,1,1,0
0,24,0,5,1358,4,1,4,1,3,2,3,1,40,2,1,1,0,1,1,1,0
2,6,0,1,931,2,0,1,0,1,2,1,0,32,2,1,1,3,1,0,1,0
0,24,3,1,1442,0,3,4,0,1,2,4,1,23,1,2,2,1,1,0,1,0
2,24,4,6,4241,0,2,1,1,3,2,4,2,36,1,1,3,3,1,1,1,0
3,18,1,1,2775,0,3,2,1,3,2,2,0,31,0,1,2,1,1,0,1,0
3,24,2,6,3863,0,2,1,1,3,2,2,3,32,1,0,1,1,1,0,1,1
2,7,3,3,2329,0,0,1,0,1,1,1,2,45,1,1,1,1,1,0,1,1
2,9,3,7,918,0,2,4,0,1,2,1,0,30,1,1,1,1,1,0,1,0
2,24,0,9,1837,0,3,4,0,1,2,4,3,34,0,0,1,3,1,0,1,0
3,36,3,7,3349,0,2,4,0,1,2,2,1,28,1,1,1,0,1,1,1,0
1,10,3,7,1275,0,0,4,0,1,2,2,0,23,1,1,1,1,1,0,1,1
0,24,0,7,2828,3,2,4,1,3,2,4,2,22,2,1,1,1,1,1,1,1
3,24,1,6,4526,0,2,3,1,3,2,2,2,74,1,1,1,0,1,1,1,1
2,36,3,3,2671,2,2,4,0,1,0,4,3,50,1,0,1,1,1,0,1,0
3,18,3,3,2051,0,0,4,1,3,2,1,2,33,1,1,1,1,1,0,1,1
3,15,3,2,1300,4,1,4,1,3,2,4,3,45,0,0,1,1,2,0,1,1
0,12,3,8,741,2,4,4,0,1,2,3,0,22,1,1,1,1,1,0,1,0
1,10,3,1,1240,2,1,1,0,1,2,4,3,48,1,0,1,3,2,0,1,0
0,21,3,3,3357,1,0,4,0,1,2,2,1,29,0,1,1,1,1,0,1,1
0,24,0,2,3632,0,2,1,0,1,1,4,1,22,0,2,1,1,1,0,0,1
3,18,2,7,1808,0,3,4,0,1,2,1,2,22,1,1,1,1,1,0,1,0
2,48,4,6,12204,4,2,2,1,3,2,2,1,48,0,1,1,0,1,1,1,1
2,60,2,3,9157,4,2,2,1,3,2,2,3,27,1,0,1,0,1,0,1,1
0,6,1,1,3676,0,2,1,1,3,2,3,2,37,1,2,3,1,2,0,1,1
2,30,3,7,3441,2,2,2,0,1,0,4,1,21,1,2,1,1,1,0,1,0
3,12,3,1,640,0,2,4,1,0,2,2,2,49,1,1,1,3,1,0,1,1
2,21,1,6,3652,0,3,2,1,3,2,3,0,27,1,1,2,1,1,0,1,1
3,18,1,1,1530,0,2,3,1,3,2,2,0,32,0,1,2,1,1,0,1,0
3,48,3,6,3914,4,2,4,1,0,2,2,2,38,0,1,1,1,1,0,1,0
0,12,3,7,1858,0,0,4,0,1,2,1,1,22,1,2,1,1,1,0,1,1
0,18,3,3,2600,0,2,4,1,3,2,4,3,65,1,0,2,1,1,0,1,0
3,15,3,3,1979,4,1,4,1,3,2,2,1,35,1,1,1,1,1,0,1,1
1,6,3,7,2116,0,2,2,1,3,2,2,2,41,1,1,1,1,1,1,1,1
2,9,0,1,1437,2,3,2,1,3,2,3,3,29,1,1,1,1,1,0,1,0
3,42,1,7,4042,3,2,4,1,3,2,4,2,36,1,1,2,1,1,1,1,1
3,9,3,9,3832,4,1,1,1,3,2,4,2,64,1,1,1,3,1,0,1,1
0,24,3,3,3660,0,2,2,0,1,2,4,1,28,1,1,1,1,1,0,1,1
0,18,0,7,1553,0,2,4,1,3,2,3,1,44,0,1,1,1,1,0,1,0
2,15,3,3,1444,4,0,4,1,3,2,1,0,23,1,1,1,1,1,0,1,1
3,9,3,7,1980,0,0,2,0,1,0,2,1,19,1,2,2,1,1,0,1,0
2,24,3,1,1355,0,0,3,0,1,2,4,1,25,1,1,1,3,1,1,1,0
3,12,3,9,1393,0,1,4,1,3,2,4,0,47,0,1,3,1,2,1,1,1
3,24,3,3,1376,3,3,4,0,1,2,1,1,28,1,1,1,1,1,0,1,1
3,60,2,3,15653,0,3,2,1,3,2,4,1,21,1,1,2,1,1,1,1,1
3,12,3,3,1493,0,0,4,0,1,2,3,1,34,1,1,1,1,2,0,1,1
0,42,2,3,4370,0,3,3,1,3,2,2,0,26,0,1,2,1,2,1,1,0
0,18,3,9,750,0,4,4,0,1,2,1,2,27,1,1,1,2,1,0,1,0
2,15,3,4,1308,0,1,4,1,3,2,4,1,38,1,1,2,3,1,0,1,1
3,15,3,9,4623,2,2,3,1,3,2,2,0,40,1,1,1,0,1,1,1,0
3,24,1,3,1851,0,3,4,1,2,1,2,1,33,1,1,2,1,1,1,1,1
0,18,1,3,1880,0,3,4,1,2,2,1,0,32,1,1,2,0,1,1,1,1
3,36,2,6,7980,4,0,4,1,3,2,4,1,27,1,2,2,1,1,1,1,0
0,30,4,7,4583,0,2,2,1,0,1,2,2,32,1,1,2,1,1,0,1,1
3,12,3,1,1386,3,2,2,0,1,2,2,0,26,1,1,1,1,1,0,1,0
1,24,3,1,947,0,3,4,1,3,2,3,3,38,0,0,1,1,2,0,1,0
0,12,3,9,684,0,2,4,1,3,2,4,1,40,1,2,1,3,2,0,1,0
0,48,3,9,7476,0,3,4,1,3,2,1,3,50,1,0,1,0,1,1,1,1
2,12,3,7,1922,0,2,4,1,3,2,2,0,37,1,1,1,3,1,0,1,0
0,24,3,1,2303,0,1,4,1,3,0,1,2,45,1,1,1,1,1,0,1,0
2,36,2,1,8086,2,1,2,1,3,2,4,1,42,1,1,4,0,1,1,1,0
3,24,1,2,2346,0,3,4,1,3,2,3,1,35,1,1,2,1,1,1,1,1
0,14,3,1,3973,0,4,1,1,3,2,4,3,22,1,0,1,1,1,0,1,1
2,12,3,1,888,0,1,4,1,3,2,4,1,41,0,1,1,3,2,0,1,0
3,48,3,3,10222,4,3,4,1,3,2,3,1,37,2,1,1,1,1,1,1,1
2,30,4,6,4221,0,2,2,0,1,2,1,1,28,1,1,2,1,1,0,1,1
2,18,1,7,6361,0,1,2,1,3,2,1,3,41,1,1,1,1,1,1,1,1
1,12,3,3,1297,0,2,3,1,2,2,4,2,23,1,2,1,1,1,0,1,1
0,12,3,1,900,4,2,4,1,2,2,2,1,23,1,1,1,1,1,0,1,0
3,21,3,7,2241,0,1,4,1,3,2,2,2,50,1,1,2,1,1,0,1,1
2,6,2,7,1050,0,4,4,1,3,2,1,0,35,2,1,2,0,1,1,1,1
1,6,1,9,1047,0,2,2,0,1,2,4,0,50,1,1,1,3,1,0,1,1
3,24,1,5,6314,0,4,4,1,3,0,2,3,27,0,1,2,0,1,1,1,1
2,30,0,7,3496,1,2,4,1,3,2,2,1,34,2,1,1,1,2,1,1,1
3,48,0,6,3609,0,2,1,0,1,2,1,2,27,2,1,1,1,1,0,1,1
0,12,1,1,4843,0,1,3,1,3,0,4,0,43,1,2,2,1,1,1,1,0
1,30,1,3,3017,0,1,4,1,3,2,4,0,47,1,1,1,1,1,0,1,1
3,24,1,6,4139,2,2,3,1,3,2,3,0,27,1,1,2,3,1,1,1,1
3,36,3,6,5742,2,3,2,1,3,2,2,1,31,1,1,2,1,1,1,1,1
3,60,3,1,10366,0,1,2,1,3,2,4,0,42,1,1,1,0,1,1,1,1
3,6,1,1,2080,3,2,1,1,2,2,2,1,24,1,1,1,1,1,0,1,1
3,21,2,6,2580,3,0,4,1,3,2,2,2,41,0,1,1,3,2,0,1,0
3,30,1,3,4530,0,3,4,0,1,2,4,1,26,1,2,1,0,1,1,1,1
3,24,1,7,5150,0,1,4,1,3,2,4,1,33,1,1,1,1,1,1,1,1
2,72,3,3,5595,2,2,2,1,2,2,2,1,24,1,1,1,1,1,0,1,0
0,24,3,3,2384,0,1,4,1,3,2,4,2,64,0,2,1,3,1,0,1,1
3,18,3,3,1453,0,0,3,0,1,2,1,2,26,1,1,1,1,1,0,1,1
3,6,3,9,1538,0,0,1,0,1,2,2,3,56,1,1,1,1,1,0,1,1
3,12,3,3,2279,4,2,4,1,3,2,4,3,37,1,0,1,1,1,1,1,1
3,15,2,3,1478,0,2,4,1,2,2,3,2,33,0,1,2,1,1,0,1,1
3,24,1,3,5103,0,0,3,1,2,2,3,3,47,1,0,3,1,1,1,1,1
2,36,2,6,9857,2,3,1,1,3,2,3,0,31,1,1,2,3,2,1,1,1
3,60,3,1,6527,4,2,4,1,3,2,4,3,34,1,0,1,1,2,1,1,1
1,10,1,3,1347,4,3,4,1,3,2,2,0,27,1,1,2,1,1,1,1,1
2,36,2,1,2862,2,1,4,1,3,2,3,3,30,1,0,1,1,1,0,1,1
3,9,3,3,2753,2,1,3,1,3,0,4,1,35,1,1,1,1,1,1,1,1
0,12,3,1,3651,1,2,1,1,3,2,3,0,31,1,1,1,1,2,0,1,1
0,15,1,7,975,0,2,2,1,0,2,3,0,25,1,1,2,1,1,0,1,1
2,15,3,4,2631,2,2,3,0,1,2,2,2,25,1,1,1,3,1,0,1,1
2,24,3,3,2896,2,0,2,1,3,2,1,1,29,1,1,1,1,1,0,1,1
0,6,1,1,4716,4,0,1,1,3,2,3,2,44,1,1,2,3,2,0,1,1
3,24,3,3,2284,0,3,4,1,3,2,2,1,28,1,1,1,1,1,1,1,1
3,6,3,2,1236,3,2,2,1,3,2,4,0,50,1,2,1,1,1,0,1,1
2,12,3,3,1103,0,3,4,1,3,1,3,2,29,1,1,2,1,1,0,0,1
3,12,1,1,926,0,4,1,0,1,2,2,0,38,1,1,1,2,1,0,1,1
3,18,1,3,1800,0,2,4,1,3,2,2,1,24,1,1,2,1,1,0,1,1
1,15,3,9,1905,0,1,4,1,3,2,4,1,40,1,2,1,0,1,1,1,1
3,12,3,7,1123,3,2,4,0,1,2,4,1,29,1,2,1,3,1,0,1,0
0,48,1,2,6331,0,1,4,1,3,2,4,3,46,1,0,2,1,1,1,1,0
1,24,3,3,1377,2,1,4,0,1,2,2,3,47,1,0,1,1,1,1,1,1
2,30,2,6,2503,2,1,4,1,3,2,2,0,41,2,1,2,1,1,0,1,1
2,27,3,6,2528,0,0,4,0,1,2,1,0,32,1,1,1,1,2,1,1,1
3,15,3,1,5324,3,1,1,0,1,2,4,3,35,1,0,1,1,1,0,1,1
2,48,3,1,6560,2,3,3,1,3,2,2,0,24,1,1,1,1,1,0,1,0
2,12,4,7,2969,0,0,4,0,1,2,3,0,25,1,2,2,1,1,0,1,0
2,9,3,3,1206,0,1,4,0,1,2,4,2,25,1,1,1,1,1,0,1,1
2,9,3,3,2118,0,2,2,1,3,2,2,2,37,1,1,1,3,2,0,1,1
3,18,1,3,629,3,1,4,1,3,2,3,0,32,0,1,2,0,1,1,1,1
0,6,0,9,1198,0,1,4,0,1,2,4,3,35,1,0,1,1,1,0,1,0
3,21,3,2,2476,4,1,4,1,3,2,4,2,46,1,1,1,0,1,1,1,1
0,9,1,3,1138,0,2,4,1,3,2,4,2,25,1,1,2,3,1,0,1,1
2,60,3,1,14027,0,3,4,1,3,2,2,3,27,1,1,1,0,1,1,1,0
3,30,1,2,7596,4,1,1,1,3,2,4,1,63,1,1,2,1,1,0,1,1
3,30,1,3,3077,4,1,3,1,3,2,2,1,40,1,1,2,1,2,1,1,1
3,18,3,3,1505,0,2,4,1,3,2,2,3,32,1,0,1,0,1,1,1,1
1,24,1,3,3148,4,2,3,1,3,2,2,1,31,1,1,2,1,1,1,1,1
2,20,4,2,6148,2,1,3,1,2,2,4,1,31,0,1,2,1,1,1,1,1
1,9,4,3,1337,0,0,4,1,3,2,2,1,34,1,1,2,0,1,1,1,0
2,6,0,9,433,1,0,4,0,1,2,2,0,24,0,2,1,1,2,0,1,0
0,12,3,1,1228,0,2,4,0,1,2,2,2,24,1,1,1,3,1,0,1,0
2,9,3,3,790,3,2,4,0,1,2,3,2,66,1,1,1,3,1,0,1,1
3,27,3,1,2570,0,2,3,0,1,2,3,2,21,1,2,1,1,1,0,1,0
3,6,1,1,250,1,2,2,0,1,2,2,2,41,0,1,2,3,1,0,1,1
3,15,1,3,1316,3,2,2,1,2,2,2,0,47,1,1,2,3,1,0,1,1
0,18,3,3,1882,0,2,4,0,1,2,4,1,25,0,2,2,1,1,0,1,0
2,48,0,6,6416,0,1,4,0,1,2,3,3,59,1,2,1,1,1,0,1,0
1,24,1,6,1275,1,2,2,1,0,2,4,2,36,1,1,2,1,1,1,1,1
2,24,2,3,6403,0,0,1,1,3,2,2,1,33,1,1,1,1,1,0,1,1
0,24,3,3,1987,0,2,2,1,3,2,4,2,21,1,2,1,3,2,0,1,0
2,8,3,3,760,0,3,4,0,1,1,2,2,44,1,1,1,3,1,0,1,1
3,24,3,2,2603,1,2,2,0,1,2,4,1,28,1,2,1,1,1,1,1,1
3,4,1,1,3380,0,3,1,0,1,2,1,2,37,1,1,1,1,2,0,1,1
2,36,0,8,3990,4,0,3,0,1,2,2,3,29,0,1,1,2,1,0,1,1
2,24,3,2,11560,0,2,1,0,1,2,4,1,23,1,2,2,0,1,0,1,0
0,18,3,1,4380,2,2,3,1,3,2,4,1,35,1,1,1,3,2,1,1,1
3,6,1,1,6761,0,3,1,1,3,2,3,3,45,1,1,2,0,2,1,1,1
2,30,4,6,4280,2,2,4,0,1,2,4,1,26,1,2,2,3,1,0,1,0
0,24,0,1,2325,2,3,2,1,3,2,3,1,32,0,1,1,1,1,0,1,1
2,10,0,3,1048,0,2,4,1,3,2,4,2,23,2,1,1,3,1,0,1,1
3,21,3,3,3160,4,1,4,1,3,2,3,0,41,1,1,1,1,1,1,1,1
0,24,0,7,2483,3,2,4,1,3,2,4,2,22,2,1,1,1,1,1,1,1
0,39,1,7,14179,4,3,4,1,3,2,4,0,30,1,1,2,0,1,1,1,1
0,13,1,6,1797,0,0,3,1,3,2,1,0,28,0,1,2,3,1,0,1,1
0,15,3,1,2511,0,4,1,0,1,2,4,1,23,1,2,1,1,1,0,1,1
0,12,3,1,1274,0,0,3,0,1,2,1,2,37,1,1,1,3,1,0,1,0
3,21,3,2,5248,4,2,1,1,3,2,3,1,26,1,1,1,1,1,0,1,1
3,15,3,2,3029,0,3,2,1,3,2,2,1,33,1,1,1,1,1,0,1,1
0,6,3,7,428,0,1,2,0,1,2,1,0,49,0,1,1,1,1,1,1,1
0,18,3,1,976,0,0,1,0,1,2,2,1,23,1,1,1,3,1,0,1,0
2,12,3,6,841,2,3,2,0,1,2,4,2,23,1,2,1,3,1,0,1,1
3,30,1,3,5771,0,3,4,0,1,2,2,1,25,1,1,2,1,1,0,1,1
3,12,2,4,1555,1,1,4,1,3,2,4,3,55,1,0,2,1,2,0,1,0
0,24,3,1,1285,4,3,4,0,1,2,4,3,32,1,2,1,1,1,0,1,0
1,6,1,1,1299,0,2,1,1,3,2,1,2,74,1,1,3,2,2,0,0,1
1,15,1,3,1271,4,2,3,1,3,2,4,3,39,1,0,2,1,1,1,1,0
3,24,3,1,1393,0,2,2,1,3,1,2,2,31,1,1,1,1,1,1,1,1
0,12,1,1,691,0,1,4,1,3,2,3,0,35,1,1,2,1,1,0,1,0
3,15,1,1,5045,4,1,1,0,1,2,4,1,59,1,1,1,1,1,1,1,1
0,18,1,7,2124,0,2,4,0,1,2,4,2,24,1,2,2,1,1,0,1,0
0,12,3,3,2214,0,2,4,1,3,2,3,0,24,1,1,1,3,1,0,1,1
3,21,1,1,12680,4,1,4,1,3,2,4,3,30,1,0,1,0,1,1,1,0
3,24,1,1,2463,2,3,4,1,2,2,3,0,27,1,1,2,1,1,1,1,1
2,12,3,3,1155,0,1,3,1,2,1,3,2,40,0,1,2,3,1,0,1,1
0,30,3,7,3108,0,0,2,1,0,2,4,0,31,1,1,1,3,1,0,1,0
3,10,3,2,2901,4,0,1,0,1,2,4,2,31,1,2,1,1,1,0,1,1
2,12,1,7,3617,0,1,1,1,3,2,4,1,28,1,2,3,1,1,1,1,1
3,12,1,3,1655,0,1,2,1,3,2,4,2,63,1,1,2,3,1,1,1,1
0,24,3,2,2812,4,1,2,0,1,2,4,2,26,1,2,1,1,1,0,1,1
0,36,1,9,8065,0,2,3,0,1,2,2,3,25,1,1,2,0,1,1,1,0
3,21,1,2,3275,0,1,1,1,3,2,4,1,36,1,1,1,0,1,1,1,1
3,24,1,3,2223,2,1,4,1,3,2,4,0,52,0,1,2,1,1,0,1,1
1,12,1,1,1480,3,4,2,1,3,2,4,3,66,0,0,3,2,1,0,1,1
0,24,3,1,1371,4,2,4,0,1,2,4,2,25,1,2,1,1,1,0,1,0
3,36,1,1,3535,0,3,4,1,3,2,4,1,37,1,1,2,1,1,1,1,1
0,18,3,3,3509,0,3,4,0,1,1,1,2,25,1,1,1,1,1,0,1,1
3,36,1,2,5711,1,1,4,1,3,2,2,1,38,1,1,2,0,1,1,1,1
2,18,3,4,3872,0,4,2,0,1,2,4,1,67,1,1,1,1,1,1,1,1
2,39,1,3,4933,0,3,2,1,3,1,2,2,25,1,1,2,1,1,0,1,0
3,24,1,1,1940,1,1,4,1,3,2,4,2,60,1,1,1,1,1,1,1,1
2,12,4,0,1410,0,2,2,1,3,2,2,2,31,1,1,1,3,1,1,1,1
2,12,3,1,836,2,0,4,0,1,2,2,0,23,0,1,1,3,1,0,1,0
2,20,3,2,6468,4,4,1,1,0,2,4,2,60,1,1,1,0,1,1,1,1
2,18,3,6,1941,1,2,4,1,3,2,2,0,35,1,1,1,3,1,1,1,1
3,22,3,3,2675,3,1,3,1,3,2,4,1,40,1,1,1,1,1,0,1,1
3,48,1,2,2751,4,1,4,1,3,2,3,1,38,1,1,2,1,2,1,1,1
2,48,2,9,6224,0,1,4,1,3,2,4,3,50,1,0,1,1,1,0,1,0
0,40,1,9,5998,0,2,4,1,3,2,3,3,27,0,1,1,1,1,1,1,0
2,21,3,6,1188,0,1,2,0,1,2,4,0,39,1,1,1,1,2,0,1,0
3,24,3,2,6313,4,1,3,1,3,2,4,1,41,1,1,1,0,2,1,1,1
3,6,1,7,1221,4,2,1,1,2,2,2,0,27,1,1,2,1,1,0,1,1
1,24,3,7,2892,0,1,3,1,0,2,4,3,51,1,0,1,1,1,0,1,1
3,24,3,7,3062,3,1,4,1,3,2,3,3,32,1,2,1,1,1,1,1,1
3,9,3,7,2301,2,0,2,0,1,2,4,0,22,1,2,1,1,1,0,1,1
0,18,3,2,7511,4,1,1,1,3,2,4,0,51,1,0,1,1,2,1,1,0
3,12,1,7,1258,0,0,2,0,1,2,4,0,22,1,2,2,3,1,0,1,1
3,24,2,1,717,4,1,4,1,2,2,4,1,54,1,1,2,1,1,1,1,1
2,9,3,1,1549,4,0,4,1,3,2,2,2,35,1,1,1,2,1,0,1,1
3,24,1,9,1597,0,1,4,1,3,2,4,3,54,1,0,2,1,2,0,1,1
2,18,1,3,1795,0,1,3,0,1,1,4,2,48,0,2,2,3,1,1,1,1
0,20,1,7,4272,0,1,1,0,1,2,4,0,24,1,1,2,1,1,0,1,1
3,12,1,3,976,4,1,4,1,3,2,4,1,35,1,1,2,1,1,0,1,1
2,12,3,1,7472,4,4,1,0,1,2,2,2,24,1,2,1,2,1,0,1,1
0,36,3,1,9271,0,3,2,1,3,2,1,1,24,1,1,1,1,1,1,1,0
2,6,3,3,590,0,0,3,1,2,2,3,2,26,1,1,1,3,1,0,0,1
3,12,1,3,930,4,1,4,1,3,2,4,2,65,1,1,4,1,1,0,1,1
2,42,0,2,9283,0,4,1,1,3,2,2,3,55,0,0,1,0,1,1,1,1
2,15,4,1,1778,0,0,2,0,1,2,1,2,26,1,2,2,2,1,0,1,0
2,8,3,6,907,0,0,3,1,2,2,2,2,26,1,1,1,1,1,1,1,1
2,6,3,3,484,0,3,3,1,2,1,3,2,28,0,1,1,3,1,0,1,1
0,36,1,2,9629,0,3,4,1,3,2,4,1,24,1,1,2,1,1,1,1,0
0,48,3,8,3051,0,2,3,1,3,2,4,1,54,1,1,1,1,1,0,1,0
0,48,3,1,3931,0,3,4,1,3,2,4,3,46,1,0,1,1,2,0,1,0
2,36,2,1,7432,0,2,2,0,1,2,2,0,54,1,2,1,1,1,0,1,1
3,6,3,8,1338,3,2,1,1,0,2,4,2,62,1,1,1,1,1,0,1,1
3,6,1,3,1554,0,3,1,0,1,2,2,1,24,1,2,2,1,1,1,1,1
0,36,3,5,15857,0,4,2,1,0,0,3,1,43,1,1,1,0,1,0,1,1
0,18,3,3,1345,0,2,4,1,2,2,3,2,26,0,1,1,1,1,0,1,0
3,12,3,1,1101,0,2,3,1,2,2,2,2,27,1,1,2,1,1,1,1,1
1,12,3,3,3016,0,2,3,1,2,2,1,1,24,1,1,1,1,1,0,1,1
0,36,3,7,2712,0,1,2,1,3,2,2,0,41,0,1,1,1,2,0,1,0
0,8,1,1,731,0,1,4,1,3,2,4,2,47,1,1,2,3,1,0,1,1
3,18,1,7,3780,0,0,3,1,0,2,2,1,35,1,1,2,0,1,1,1,1
0,21,1,1,1602,0,1,4,1,2,2,3,1,30,1,1,2,1,1,1,1,1
0,18,1,1,3966,0,1,1,0,1,2,4,2,33,0,2,3,1,1,1,1,0
3,18,4,6,4165,0,2,2,1,3,2,2,1,36,2,1,2,1,2,0,1,0
0,36,3,2,8335,4,1,3,1,3,2,4,3,47,1,0,1,1,1,0,1,0
2,48,2,6,6681,4,2,4,1,3,2,4,3,38,1,0,1,1,2,1,1,1
3,24,2,6,2375,3,2,4,1,3,2,2,1,44,1,1,2,1,2,1,1,1
0,18,3,1,1216,0,0,4,0,1,2,3,1,23,1,2,1,1,1,1,1,0
0,45,4,6,11816,0,1,2,1,3,2,4,1,29,1,2,2,1,1,0,1,0
2,24,3,3,5084,4,1,2,0,1,2,4,1,42,1,1,1,1,1,1,1,1
1,15,3,3,2327,0,0,2,0,1,2,3,2,25,1,1,1,3,1,0,1,0
0,12,4,1,1082,0,2,4,1,3,2,4,1,48,0,1,2,1,1,0,1,0
3,12,3,3,886,4,2,4,0,1,2,2,1,21,1,1,1,1,1,0,1,1
3,4,3,7,601,0,0,1,0,1,2,3,2,23,1,2,1,3,2,0,1,1
0,24,1,2,2957,0,1,4,1,3,2,4,0,63,1,1,2,1,1,1,1,1
3,24,1,3,2611,0,1,4,1,2,0,3,2,46,1,1,2,1,1,0,1,1
0,36,3,7,5179,0,3,4,1,3,2,2,0,29,1,1,1,1,1,0,1,0
3,21,2,2,2993,0,2,3,1,3,2,2,2,28,2,1,2,3,1,0,1,1
3,18,3,4,1943,0,0,4,0,1,2,4,2,23,1,1,1,1,1,0,1,0
3,24,0,6,1559,0,3,4,1,3,2,4,1,50,0,1,1,1,1,1,1,1
3,18,3,7,3422,0,1,4,1,3,2,4,0,47,0,1,3,1,2,1,1,1
2,21,3,7,3976,4,3,2,1,3,2,3,1,35,1,1,1,1,1,1,1,1
3,18,3,1,6761,4,2,2,1,3,2,4,1,68,1,2,2,1,1,0,1,0
3,24,3,1,1249,0,0,4,1,2,2,2,2,28,1,1,1,1,1,0,1,1
0,9,3,3,1364,0,3,3,1,3,2,4,2,59,1,1,1,1,1,0,1,1
0,12,3,3,709,0,1,4,1,3,2,4,2,57,2,1,1,3,1,0,1,0
0,20,1,1,2235,0,2,4,1,2,1,2,0,33,0,2,2,1,1,0,0,0
3,24,1,2,4042,4,3,3,1,3,2,4,0,43,1,1,2,1,1,1,1,1
3,15,1,3,1471,0,2,4,1,3,2,4,3,35,1,0,2,1,1,1,1,1
0,18,0,1,1442,0,3,4,1,3,2,4,3,32,1,0,2,3,2,0,1,0
3,36,2,1,10875,0,1,2,1,3,2,2,1,45,1,1,2,1,2,1,1,1
3,24,3,1,1474,2,0,4,1,2,2,3,2,33,1,1,1,1,1,1,1,1
3,10,3,0,894,4,3,4,0,1,2,3,0,40,1,1,1,1,1,1,1,1
3,15,1,7,3343,0,2,4,1,3,2,2,3,28,1,0,1,1,1,1,1,1
0,15,3,1,3959,0,2,3,0,1,2,2,0,29,1,1,1,1,1,1,1,0
3,9,3,1,3577,2,2,1,1,3,1,2,2,26,1,2,1,1,2,0,0,1
3,24,1,2,5804,1,2,4,1,3,2,2,2,27,1,1,2,1,1,0,1,1
3,18,2,6,2169,0,2,4,1,2,2,2,1,28,1,1,1,1,1,1,1,0
0,24,3,3,2439,0,0,4,0,1,2,4,2,35,1,1,1,1,1,1,1,0
3,27,1,7,4526,1,0,4,1,3,2,2,2,32,2,1,2,3,2,1,1,1
3,10,3,7,2210,0,2,2,1,3,2,2,2,25,0,2,1,3,1,0,1,0
3,15,3,7,2221,3,2,2,0,1,2,4,1,20,1,2,1,1,1,0,1,1
0,18,3,3,2389,0,0,4,0,1,2,1,1,27,2,1,1,1,1,0,1,1
3,12,1,7,3331,0,1,2,1,3,2,4,0,42,2,1,1,1,1,0,1,1
3,36,3,6,7409,4,1,3,1,3,2,2,0,37,1,1,2,1,1,0,1,1
0,12,3,7,652,0,1,4,0,1,2,4,0,24,1,2,1,1,1,0,1,1
3,36,2,7,7678,3,3,2,0,1,2,4,1,40,1,1,2,1,1,1,1,1
1,6,1,1,1343,0,1,1,1,3,2,4,2,46,1,1,2,1,2,0,0,1
0,24,1,6,1382,2,3,4,1,3,2,1,2,26,1,1,2,1,1,1,1,1
3,15,3,8,874,4,0,4,0,1,2,1,2,24,1,1,1,1,1,0,1,1
0,12,3,7,3590,0,2,2,1,3,0,2,0,29,1,1,1,3,2,0,1,1
2,11,1,1,1322,1,2,4,0,1,2,4,1,40,1,1,2,1,1,0,1,1
0,18,0,3,1940,0,0,3,1,3,0,4,3,36,0,0,1,0,1,1,1,1
3,36,3,3,3595,0,1,4,1,3,2,2,1,28,1,1,1,1,1,0,1,1
0,9,3,1,1422,0,0,3,1,3,2,2,3,27,1,0,1,0,1,1,1,0
3,30,1,3,6742,4,3,2,1,3,2,3,0,36,1,1,2,1,1,0,1,1
3,24,3,2,7814,0,3,3,1,3,2,3,1,38,1,1,1,0,1,1,1,1
3,24,3,2,9277,4,2,2,1,0,2,4,3,48,1,0,1,1,1,1,1,1
2,30,1,1,2181,4,1,4,1,3,2,4,2,36,1,1,2,1,1,0,1,1
3,18,1,3,1098,0,4,4,0,1,2,4,1,65,1,1,2,2,1,0,1,1
2,24,3,7,4057,0,3,3,1,0,2,3,1,43,1,1,1,1,1,1,1,0
0,12,3,9,795,0,0,4,0,1,2,4,0,53,1,1,1,1,1,0,1,0
2,24,1,6,2825,4,3,4,1,3,2,3,3,34,1,1,2,1,2,1,1,1
2,48,3,6,15672,0,2,2,1,3,2,2,1,23,1,1,1,1,1,1,1,0
3,36,1,1,6614,0,1,4,1,3,2,4,1,34,1,1,2,0,1,1,1,1
3,28,0,2,7824,4,0,3,1,3,1,4,2,40,0,2,2,1,2,1,1,1
0,27,1,6,2442,0,1,4,1,3,2,4,1,43,2,1,4,0,2,1,1,1
3,15,1,3,1829,0,1,4,1,3,2,4,1,46,1,1,2,1,1,1,1,1
0,12,1,1,2171,0,2,4,1,3,2,4,0,38,0,1,2,3,1,0,0,1
2,36,1,2,5800,0,2,3,1,3,2,4,1,34,1,1,2,1,1,1,1,1
3,18,1,3,1169,4,2,4,1,3,2,3,0,29,1,1,2,1,1,1,1,1
3,36,2,2,8947,4,3,3,1,3,2,2,1,31,2,1,1,0,2,1,1,1
0,21,3,3,2606,0,0,4,0,1,2,4,0,28,1,2,1,0,1,1,1,1
3,12,1,7,1592,1,3,3,0,1,2,2,0,35,1,1,1,1,1,0,0,1
3,15,3,7,2186,4,3,1,0,1,2,4,2,33,0,2,1,3,1,0,1,1
0,18,3,7,4153,0,2,2,1,3,0,3,1,42,1,1,1,1,1,0,1,0
0,16,1,1,2625,0,1,2,1,3,1,4,0,43,0,2,1,1,1,1,1,0
3,20,1,1,3485,4,0,2,1,0,2,4,2,44,1,1,2,1,1,1,1,1
3,36,1,2,10477,4,1,2,1,3,2,4,3,42,1,0,2,1,1,0,1,1
3,15,3,3,1386,4,2,4,1,2,2,2,2,40,1,2,1,1,1,1,1,1
3,24,3,3,1278,0,1,4,1,3,2,1,2,36,1,1,1,0,1,1,1,1
0,12,3,3,1107,0,2,2,1,3,2,2,2,20,1,2,1,0,2,1,1,1
0,21,3,1,3763,4,3,2,1,3,0,2,2,24,1,1,1,3,1,0,0,1
2,36,3,9,3711,4,2,2,1,2,2,2,1,27,1,1,1,1,1,0,1,1
3,15,2,2,3594,0,0,1,0,1,2,2,0,46,1,1,2,3,1,0,1,1
2,9,3,1,3195,4,2,1,0,1,2,2,2,33,1,1,1,3,1,0,1,1
3,36,2,3,4454,0,2,4,0,1,2,4,2,34,1,1,2,1,1,0,1,1
2,24,1,7,4736,0,0,2,0,1,2,4,1,25,0,1,1,3,1,0,1,0
2,30,3,3,2991,4,1,2,0,1,2,4,1,25,1,1,1,1,1,0,1,1
3,11,3,6,2142,1,1,1,1,0,2,2,2,28,1,1,1,1,1,1,1,1
0,24,0,6,3161,0,2,4,1,3,2,2,0,31,1,2,1,1,1,1,1,0
2,48,4,5,18424,0,2,1,0,1,2,2,0,32,0,1,1,0,1,1,0,0
3,10,3,2,2848,2,2,1,1,3,0,2,2,32,1,1,1,1,2,0,1,1
0,6,3,1,14896,0,1,1,1,3,2,4,3,68,0,1,1,0,1,1,1,0
0,24,3,7,2359,2,4,1,1,0,2,1,0,33,1,1,1,1,1,0,1,0
0,24,3,7,3345,0,1,4,1,3,2,2,0,39,1,2,1,0,1,1,1,0
3,18,1,7,1817,0,2,4,0,1,2,2,3,28,1,1,2,1,1,0,1,1
3,48,2,3,12749,3,3,4,1,3,2,1,1,37,1,1,1,0,1,1,1,1
0,9,3,3,1366,0,0,3,0,1,2,4,0,22,1,2,1,1,1,0,1,0
2,12,3,1,2002,0,3,3,1,3,2,4,0,30,1,2,1,1,2,1,1,1
0,24,0,7,6872,0,0,2,1,0,2,1,0,55,0,1,1,1,1,1,1,0
0,12,0,1,697,0,0,4,1,3,2,2,1,46,0,1,2,1,1,1,1,0
0,18,1,7,1049,0,0,4,0,1,2,4,0,21,1,2,1,1,1,0,1,1
0,48,3,2,10297,0,3,4,1,3,2,4,3,39,2,0,3,1,2,1,1,0
3,30,3,3,1867,4,1,4,1,3,2,4,1,58,1,1,1,1,1,1,1,1
0,12,2,1,1344,0,2,4,1,3,2,2,2,43,1,1,2,3,2,0,1,1
0,24,3,7,1747,0,0,4,1,3,0,1,0,24,1,1,1,3,1,0,0,1
2,9,3,3,1670,0,0,4,0,1,2,2,1,22,1,1,1,1,1,1,1,0
3,9,1,1,1224,0,2,3,1,3,2,1,2,30,1,1,2,1,1,0,1,1
3,12,1,3,522,3,1,4,1,3,2,4,0,42,1,1,2,1,2,1,1,1
0,12,3,3,1498,0,2,4,0,1,2,1,1,23,0,1,1,1,1,0,1,1
2,30,2,3,1919,2,0,4,1,3,2,3,3,30,2,1,2,0,1,0,1,0
1,9,3,3,745,0,2,3,0,1,2,2,2,28,1,1,1,3,1,0,1,0
2,6,3,3,2063,0,0,4,1,2,2,3,1,30,1,2,1,0,1,1,1,1
2,60,3,9,6288,0,2,4,1,3,2,4,3,42,1,0,1,1,1,0,1,0
3,24,1,2,6842,4,2,2,1,3,2,4,0,46,1,1,2,0,2,1,1,1
3,12,3,1,3527,4,0,2,1,3,2,3,0,45,1,1,1,0,2,1,1,1
3,10,3,1,1546,0,2,3,1,3,2,2,2,31,1,1,1,3,2,0,0,1
3,24,3,7,929,4,3,4,1,3,2,2,1,31,2,1,1,1,1,1,1,1
3,4,1,1,1455,0,3,2,1,3,2,1,2,42,1,1,3,3,2,0,1,1
0,15,3,7,1845,0,0,4,0,1,1,1,0,46,1,2,1,1,1,0,1,1
2,48,4,1,8358,3,0,1,0,1,2,1,1,30,1,1,2,1,1,0,1,1
0,24,0,7,3349,3,0,4,1,3,2,4,3,30,1,0,1,1,2,1,1,0
3,12,3,1,2859,4,4,4,1,3,2,4,3,38,1,1,1,0,1,1,1,1
3,18,3,7,1533,0,0,4,1,2,0,1,0,43,1,1,1,3,2,0,1,0
3,24,3,3,3621,2,1,2,1,3,2,4,1,31,1,1,2,1,1,0,1,0
2,18,1,6,3590,0,4,3,1,2,2,3,1,40,1,1,3,2,2,1,1,1
0,36,2,6,2145,0,3,2,1,3,2,1,1,24,1,1,2,1,1,1,1,0
2,24,3,2,4113,3,0,3,0,1,2,4,1,28,1,2,1,1,1,0,1,0
3,36,3,7,10974,0,4,4,0,1,2,2,1,26,1,1,2,0,1,1,1,0
0,12,3,1,1893,0,2,4,0,1,1,4,0,29,1,1,1,1,1,1,1,1
0,24,1,3,1231,1,1,4,0,1,2,4,0,57,1,2,2,0,1,1,1,1
1,30,1,3,3656,4,1,4,1,3,2,4,0,49,2,1,2,3,1,0,1,1
2,9,1,3,1154,0,1,2,1,3,2,4,2,37,1,1,3,3,1,0,1,1
0,28,3,1,4006,0,2,3,1,3,2,2,1,45,1,1,1,3,1,0,1,0
2,24,3,7,3069,2,1,4,1,3,2,4,3,30,1,0,1,1,1,0,1,1
3,6,1,3,1740,0,1,2,1,2,2,2,2,30,1,2,2,1,1,0,1,1
2,21,2,1,2353,0,2,1,1,0,2,4,0,47,1,1,2,1,1,0,1,1
3,15,3,1,3556,4,2,3,1,3,2,2,3,29,1,1,1,1,1,0,1,1
3,24,3,3,2397,3,1,3,1,3,2,2,1,35,0,1,2,1,1,1,1,0
2,6,3,4,454,0,0,3,1,2,2,1,0,22,1,1,1,3,1,0,1,1
2,30,3,3,1715,4,2,4,0,1,2,1,1,26,1,1,1,1,1,0,1,1
2,27,1,3,2520,3,2,4,1,3,2,2,0,23,1,1,2,3,1,0,1,0
3,15,3,3,3568,0,1,4,0,1,2,2,1,54,0,2,1,0,1,1,1,1
3,42,3,3,7166,4,3,2,1,2,2,4,0,29,1,2,1,1,1,1,1,1
0,11,1,1,3939,0,2,1,1,3,2,2,2,40,1,1,2,3,2,0,1,1
2,15,3,4,1514,2,2,4,1,3,1,2,2,22,1,1,1,1,1,0,1,1
3,24,3,1,7393,0,2,1,1,3,2,4,0,43,1,1,1,3,2,0,1,1
0,24,0,1,1193,0,4,1,0,1,0,4,3,29,1,2,2,2,1,0,1,0
0,60,3,6,7297,0,1,4,1,3,0,4,3,36,1,2,1,1,1,0,1,0
3,30,1,3,2831,0,2,4,0,1,2,2,1,33,1,1,1,1,1,1,1,1
1,24,3,3,1258,3,2,3,0,1,2,3,1,57,1,1,1,3,1,0,1,1
2,6,3,3,753,0,2,2,0,1,1,3,2,64,1,1,1,1,1,0,1,1
2,18,2,6,2427,4,1,4,1,3,2,2,0,42,1,1,2,1,1,0,1,1
3,24,2,1,2538,0,1,4,1,3,2,4,1,47,1,1,2,3,2,0,1,0
2,15,0,1,1264,2,2,2,1,2,2,2,0,25,1,2,1,1,1,0,1,0
2,30,1,7,8386,0,3,2,1,3,2,2,0,49,1,1,1,1,1,0,1,0
3,48,3,6,4844,0,4,3,1,3,2,2,1,33,0,2,1,0,1,1,1,0
1,21,3,1,2923,2,2,1,0,1,2,1,1,28,0,1,1,0,1,1,1,1
0,36,3,2,8229,0,2,2,1,3,2,2,0,26,1,1,1,1,2,0,1,0
3,24,1,7,2028,0,3,2,1,3,2,2,0,30,1,1,2,3,1,0,1,1
0,15,1,7,1433,0,2,4,0,1,2,3,0,25,1,2,2,1,1,0,1,1
1,42,4,6,6289,0,0,2,1,0,2,1,0,33,1,1,2,1,1,0,1,1
3,13,3,3,1409,2,4,2,0,1,2,4,2,64,1,1,1,1,1,0,1,1
0,24,3,2,6579,0,4,4,1,3,2,2,3,29,1,0,1,0,1,1,1,1
2,24,1,3,1743,0,1,4,1,3,2,2,0,48,1,1,2,3,1,0,1,1
3,12,1,9,3565,4,0,2,1,3,2,1,0,37,1,1,2,3,2,0,1,1
3,15,0,3,1569,2,1,4,1,3,2,4,1,34,0,1,1,3,2,0,1,1
0,18,3,3,1936,4,3,2,1,2,2,4,1,23,1,2,2,3,1,0,1,1
0,36,3,7,3959,0,4,4,1,3,2,3,0,30,1,1,1,0,1,1,1,1
3,12,3,1,2390,4,1,4,1,3,2,3,1,50,1,1,1,1,1,1,1,1
3,12,3,7,1736,0,3,3,0,1,2,4,2,31,1,1,1,3,1,0,1,1
0,30,3,2,3857,0,2,4,1,0,2,4,0,40,1,1,1,0,1,1,1,1
3,12,3,3,804,0,1,4,1,3,2,4,1,38,1,1,1,1,1,0,1,1
0,45,3,3,1845,0,2,4,1,3,2,4,3,23,1,0,1,1,1,1,1,0
2,45,1,2,4576,2,4,3,1,3,2,4,1,27,1,1,1,1,1,0,1,1
